station_id,day_type,slot,median,mean,p10,p90,n
02300,laboral,0,119.0,121.96428571428571,101.0,152.2,28
02300,laboral,1,124.0,124.57142857142857,99.5,151.9,28
02300,laboral,2,120.5,125.78571428571429,108.4,144.6,28
02300,laboral,3,116.5,119.03571428571429,101.1,142.9,28
02300,laboral,4,125.5,124.53571428571429,96.2,148.9,28
02300,laboral,5,116.0,118.46428571428571,97.4,146.6,28
02300,laboral,6,121.0,121.85714285714286,91.2,155.9,28
02300,laboral,7,119.0,117.96428571428571,99.7,135.5,28
02300,laboral,8,124.0,125.28571428571429,95.1,151.2,28
02300,laboral,9,124.5,121.92857142857143,101.4,145.0,28
02300,laboral,10,119.5,117.39285714285714,92.4,145.5,28
02300,laboral,11,113.0,118.93548387096774,97.0,148.0,31
02300,laboral,12,124.0,121.70967741935483,90.0,151.0,31
02300,laboral,13,114.0,117.19354838709677,95.0,144.0,31
02300,laboral,14,117.0,117.0,87.0,140.0,31
02300,laboral,15,120.0,120.96774193548387,86.0,149.0,31
02300,laboral,16,124.0,127.16129032258064,101.0,156.0,31
02300,laboral,17,121.0,124.58064516129032,104.0,156.0,31
02300,laboral,18,124.0,124.45161290322581,107.0,143.0,31
02300,laboral,19,132.0,136.09677419354838,114.0,173.0,31
02300,laboral,20,155.0,150.1290322580645,114.0,183.0,31
02300,laboral,21,171.0,171.2258064516129,139.0,214.0,31
02300,laboral,22,189.0,189.8709677419355,145.0,229.0,31
02300,laboral,23,223.0,226.61290322580646,182.0,279.0,31
02300,laboral,24,279.0,268.38709677419354,195.0,332.0,31
02300,laboral,25,318.0,309.3225806451613,243.0,356.0,31
02300,laboral,26,379.0,385.59375,340.1,444.70000000000005,32
02300,laboral,27,456.5,459.5,359.6,550.6,32
02300,laboral,28,507.5,526.4375,435.6,615.2,32
02300,laboral,29,617.5,611.375,454.4,724.4,32
02300,laboral,30,659.5,674.03125,498.4,844.2,32
02300,laboral,31,770.0,782.75,665.3,948.7,32
02300,laboral,32,764.5,763.75,659.1,898.9,32
02300,laboral,33,798.5,800.09375,692.2,945.5000000000001,32
02300,laboral,34,782.5,793.9375,634.7,975.3000000000001,32
02300,laboral,35,744.5,763.21875,658.4,876.8,32
02300,laboral,36,736.0,739.0625,606.2,900.7,32
02300,laboral,37,653.0,656.1,563.7,756.4,30
02300,laboral,38,566.5,587.3666666666667,493.1,704.5,30
02300,laboral,39,542.0,536.2,409.0,648.3000000000001,30
02300,laboral,40,451.5,443.2,349.5,555.9,30
02300,laboral,41,353.5,366.8666666666667,295.4,441.6,30
02300,laboral,42,303.5,309.3666666666667,229.6,377.20000000000005,30
02300,laboral,43,276.0,264.3666666666667,200.3,317.2,30
02300,laboral,44,216.5,216.63333333333333,173.9,265.6,30
02300,laboral,45,188.5,191.86666666666667,154.6,236.8,30
02300,laboral,46,164.0,159.36666666666667,118.0,187.1,30
02300,laboral,47,155.0,154.66666666666666,104.3,192.9,30
02300,laboral,48,139.0,136.83333333333334,111.5,158.1,30
02300,laboral,49,124.0,125.6,97.8,149.00000000000003,30
02300,laboral,50,122.0,123.36666666666666,100.9,153.70000000000002,30
02300,laboral,51,129.0,126.5,93.8,152.70000000000002,30
02300,laboral,52,131.0,126.74074074074075,91.2,153.60000000000002,27
02300,laboral,53,120.0,125.4074074074074,102.0,153.0,27
02300,laboral,54,127.0,125.5925925925926,90.4,149.8,27
02300,laboral,55,124.0,124.88888888888889,102.2,147.20000000000002,27
02300,laboral,56,138.0,136.96296296296296,109.4,166.4,27
02300,laboral,57,144.0,144.88888888888889,108.8,180.60000000000002,27
02300,laboral,58,177.0,170.5185185185185,117.0,214.4,27
02300,laboral,59,205.0,201.03703703703704,157.4,243.0,27
02300,laboral,60,241.0,237.96296296296296,192.2,282.0,27
02300,laboral,61,307.0,306.18518518518516,244.4,365.6,27
02300,laboral,62,380.0,380.9259259259259,286.6,471.8,27
02300,laboral,63,452.0,455.037037037037,368.8,530.4000000000001,27
02300,laboral,64,548.0,566.4074074074074,442.6,696.2000000000002,27
02300,laboral,65,643.0,647.4814814814815,535.0,753.2,27
02300,laboral,66,810.0,823.4074074074074,645.4,1037.0,27
02300,laboral,67,908.0,902.4814814814815,704.0,1091.0,27
02300,laboral,68,960.0,983.9629629629629,798.0,1232.6000000000001,27
02300,laboral,69,1013.0,1033.111111111111,851.2,1235.6000000000001,27
02300,laboral,70,1121.0,1097.8148148148148,856.8,1321.4,27
02300,laboral,71,1106.0,1105.7037037037037,958.6,1278.4,27
02300,laboral,72,1005.0,1020.8888888888889,848.8,1201.6000000000001,27
02300,laboral,73,869.0,937.8888888888889,720.6,1164.2000000000003,27
02300,laboral,74,906.0,899.9629629629629,733.4,1067.4,27
02300,laboral,75,742.0,759.2962962962963,632.4,899.6,27
02300,laboral,76,654.0,649.2962962962963,546.4,758.2,27
02300,laboral,77,511.0,526.5555555555555,430.0,648.6,27
02300,laboral,78,414.0,420.962962962963,362.6,497.6000000000001,27
02300,laboral,79,328.0,324.7037037037037,261.2,390.40000000000003,27
02300,laboral,80,268.0,272.14814814814815,229.0,311.8,27
02300,laboral,81,207.0,206.77777777777777,173.6,251.40000000000003,27
02300,laboral,82,172.0,170.22222222222223,139.0,194.4,27
02300,laboral,83,156.0,155.59259259259258,123.4,185.4,27
02300,laboral,84,138.0,144.25925925925927,118.8,179.20000000000002,27
02300,laboral,85,127.0,131.5185185185185,101.2,169.0,27
02300,laboral,86,126.0,129.33333333333334,99.2,166.60000000000002,27
02300,laboral,87,128.0,130.55555555555554,99.2,163.8,27
02300,laboral,88,116.0,117.03703703703704,94.0,141.4,27
02300,laboral,89,121.0,118.88888888888889,96.6,144.8,27
02300,laboral,90,115.0,117.4074074074074,94.6,141.20000000000002,27
02300,laboral,91,118.0,118.44444444444444,95.2,144.0,27
02300,laboral,92,123.0,120.62962962962963,90.6,150.20000000000002,27
02300,laboral,93,117.0,120.11111111111111,93.0,147.20000000000002,27
02300,laboral,94,118.0,122.55555555555556,103.2,148.60000000000002,27
02300,laboral,95,122.0,122.74074074074075,100.6,145.8,27
02300,fin_de_semana,0,55.5,56.666666666666664,44.3,71.4,12
02300,fin_de_semana,1,56.5,58.0,50.1,68.6,12
02300,fin_de_semana,2,58.5,60.166666666666664,49.5,71.8,12
02300,fin_de_semana,3,57.5,57.916666666666664,40.3,74.4,12
02300,fin_de_semana,4,53.5,52.5,39.3,62.7,12
02300,fin_de_semana,5,58.0,57.25,45.1,72.3,12
02300,fin_de_semana,6,57.0,57.916666666666664,41.4,71.8,12
02300,fin_de_semana,7,55.5,56.0,42.4,67.6,12
02300,fin_de_semana,8,54.5,54.666666666666664,41.3,62.9,12
02300,fin_de_semana,9,56.5,54.0,46.1,62.9,12
02300,fin_de_semana,10,60.0,60.666666666666664,45.7,76.3,12
02300,fin_de_semana,11,52.5,53.166666666666664,45.3,59.9,12
02300,fin_de_semana,12,52.0,55.25,39.1,76.5,12
02300,fin_de_semana,13,57.0,58.416666666666664,53.0,61.8,12
02300,fin_de_semana,14,51.5,54.166666666666664,44.0,66.6,12
02300,fin_de_semana,15,54.0,55.083333333333336,46.2,63.9,12
02300,fin_de_semana,16,54.5,55.5,46.3,69.5,12
02300,fin_de_semana,17,54.0,59.0,47.0,77.4,12
02300,fin_de_semana,18,57.0,59.833333333333336,47.0,76.8,12
02300,fin_de_semana,19,62.0,61.166666666666664,54.3,66.9,12
02300,fin_de_semana,20,72.5,70.0,55.0,87.5,12
02300,fin_de_semana,21,78.5,79.58333333333333,68.1,96.9,12
02300,fin_de_semana,22,87.5,91.16666666666667,77.3,107.9,12
02300,fin_de_semana,23,107.0,110.16666666666667,91.4,138.8,12
02300,fin_de_semana,24,133.5,132.91666666666666,103.8,154.5,12
02300,fin_de_semana,25,155.5,158.25,136.6,196.3,12
02300,fin_de_semana,26,191.0,189.84615384615384,174.2,204.0,13
02300,fin_de_semana,27,236.0,229.07692307692307,173.20000000000002,256.4,13
02300,fin_de_semana,28,265.0,266.53846153846155,218.6,322.6,13
02300,fin_de_semana,29,306.0,315.0769230769231,277.6,355.4,13
02300,fin_de_semana,30,334.0,338.0769230769231,274.0,394.4,13
02300,fin_de_semana,31,317.0,320.46153846153845,259.4,376.0,13
02300,fin_de_semana,32,373.0,367.0,305.4,419.4,13
02300,fin_de_semana,33,347.0,361.0769230769231,316.2,425.0,13
02300,fin_de_semana,34,379.0,397.3076923076923,303.8,487.00000000000006,13
02300,fin_de_semana,35,389.0,383.15384615384613,282.2,450.6,13
02300,fin_de_semana,36,358.0,372.9230769230769,312.2,440.40000000000003,13
02300,fin_de_semana,37,334.0,340.0,278.0,394.6,13
02300,fin_de_semana,38,279.0,283.53846153846155,237.8,331.8,13
02300,fin_de_semana,39,251.0,254.15384615384616,201.2,303.8,13
02300,fin_de_semana,40,218.0,213.0,159.8,256.8,13
02300,fin_de_semana,41,181.0,183.0,125.8,236.8,13
02300,fin_de_semana,42,147.0,142.15384615384616,110.2,185.8,13
02300,fin_de_semana,43,131.0,131.3846153846154,98.8,157.4,13
02300,fin_de_semana,44,105.0,109.53846153846153,96.0,129.8,13
02300,fin_de_semana,45,88.0,93.46153846153847,72.8,118.4,13
02300,fin_de_semana,46,81.0,82.46153846153847,71.0,93.80000000000001,13
02300,fin_de_semana,47,67.0,66.0,52.8,75.8,13
02300,fin_de_semana,48,67.0,68.92307692307692,57.2,86.0,13
02300,fin_de_semana,49,66.0,64.76923076923077,48.2,77.8,13
02300,fin_de_semana,50,67.0,67.61538461538461,60.2,77.2,13
02300,fin_de_semana,51,67.0,64.15384615384616,47.400000000000006,73.4,13
02300,fin_de_semana,52,62.0,64.84615384615384,53.6,79.80000000000001,13
02300,fin_de_semana,53,61.0,59.30769230769231,44.6,72.0,13
02300,fin_de_semana,54,58.0,61.69230769230769,50.4,72.8,13
02300,fin_de_semana,55,57.0,60.30769230769231,43.6,85.8,13
02300,fin_de_semana,56,63.0,60.0,42.0,77.0,13
02300,fin_de_semana,57,72.0,69.15384615384616,54.8,82.2,13
02300,fin_de_semana,58,76.0,79.61538461538461,58.2,101.4,13
02300,fin_de_semana,59,100.0,100.38461538461539,75.0,120.4,13
02300,fin_de_semana,60,112.0,117.3076923076923,89.2,145.4,13
02300,fin_de_semana,61,134.0,140.23076923076923,112.60000000000001,166.0,13
02300,fin_de_semana,62,166.0,162.3846153846154,132.0,188.20000000000002,13
02300,fin_de_semana,63,214.0,214.53846153846155,178.0,266.0,13
02300,fin_de_semana,64,276.0,271.61538461538464,234.6,301.8,13
02300,fin_de_semana,65,342.0,333.7692307692308,235.6,413.4,13
02300,fin_de_semana,66,376.0,390.9230769230769,323.8,466.2,13
02300,fin_de_semana,67,423.0,431.2307692307692,354.6,510.6,13
02300,fin_de_semana,68,471.0,467.53846153846155,425.4,512.2,13
02300,fin_de_semana,69,560.0,543.1538461538462,455.2,612.4,13
02300,fin_de_semana,70,515.0,512.0,424.8,572.4,13
02300,fin_de_semana,71,527.0,525.1538461538462,425.2,595.8,13
02300,fin_de_semana,72,497.0,510.38461538461536,419.8,592.6,13
02300,fin_de_semana,73,430.0,443.0769230769231,374.8,500.6,13
02300,fin_de_semana,74,386.0,375.53846153846155,307.6,429.8,13
02300,fin_de_semana,75,323.0,335.53846153846155,254.8,418.2,13
02300,fin_de_semana,76,319.0,308.61538461538464,235.0,384.6,13
02300,fin_de_semana,77,253.0,238.23076923076923,180.2,294.8,13
02300,fin_de_semana,78,200.0,196.46153846153845,150.4,236.6,13
02300,fin_de_semana,79,146.0,152.30769230769232,124.2,202.00000000000003,13
02300,fin_de_semana,80,127.0,130.3846153846154,106.0,156.4,13
02300,fin_de_semana,81,111.0,115.46153846153847,91.6,142.8,13
02300,fin_de_semana,82,83.0,89.76923076923077,71.4,118.4,13
02300,fin_de_semana,83,77.0,76.07692307692308,67.0,89.2,13
02300,fin_de_semana,84,73.0,69.15384615384616,59.0,76.0,13
02300,fin_de_semana,85,56.0,57.30769230769231,44.2,69.0,13
02300,fin_de_semana,86,63.0,61.53846153846154,47.800000000000004,71.6,13
02300,fin_de_semana,87,54.0,55.46153846153846,38.0,69.0,13
02300,fin_de_semana,88,64.0,60.0,42.6,72.8,13
02300,fin_de_semana,89,61.0,59.53846153846154,46.4,74.0,13
02300,fin_de_semana,90,54.0,58.30769230769231,44.2,80.80000000000001,13
02300,fin_de_semana,91,57.0,58.69230769230769,49.6,72.0,13
02300,fin_de_semana,92,56.0,56.53846153846154,43.4,75.4,13
02300,fin_de_semana,93,53.0,56.61538461538461,43.4,74.80000000000001,13
02300,fin_de_semana,94,56.0,56.46153846153846,37.4,74.80000000000001,13
02300,fin_de_semana,95,54.0,54.30769230769231,41.2,70.4,13
03000,laboral,0,96.0,102.0,88.1,125.9,28
03000,laboral,1,96.0,99.89285714285714,75.0,122.9,28
03000,laboral,2,98.5,100.67857142857143,81.7,117.9,28
03000,laboral,3,102.0,102.35714285714286,80.1,128.9,28
03000,laboral,4,100.0,99.75,80.7,117.2,28
03000,laboral,5,102.5,100.03571428571429,75.0,123.6,28
03000,laboral,6,98.5,103.32142857142857,83.2,129.20000000000002,28
03000,laboral,7,109.0,104.64285714285714,85.4,123.3,28
03000,laboral,8,99.0,101.53571428571429,82.7,118.10000000000001,28
03000,laboral,9,102.0,102.89285714285714,81.7,122.10000000000001,28
03000,laboral,10,105.0,104.35714285714286,85.8,128.0,28
03000,laboral,11,99.0,99.58064516129032,84.0,120.0,31
03000,laboral,12,108.0,106.93548387096774,84.0,128.0,31
03000,laboral,13,102.0,102.96774193548387,84.0,123.0,31
03000,laboral,14,109.0,107.93548387096774,84.0,133.0,31
03000,laboral,15,116.0,116.48387096774194,90.0,134.0,31
03000,laboral,16,134.0,128.2258064516129,100.0,154.0,31
03000,laboral,17,135.0,140.48387096774192,119.0,168.0,31
03000,laboral,18,176.0,181.83870967741936,160.0,223.0,31
03000,laboral,19,198.0,206.61290322580646,166.0,243.0,31
03000,laboral,20,265.0,269.48387096774195,220.0,333.0,31
03000,laboral,21,334.0,343.03225806451616,279.0,416.0,31
03000,laboral,22,425.0,429.93548387096774,354.0,527.0,31
03000,laboral,23,536.0,537.4516129032259,466.0,639.0,31
03000,laboral,24,651.0,647.2258064516129,553.0,713.0,31
03000,laboral,25,786.0,763.1612903225806,613.0,841.0,31
03000,laboral,26,786.0,787.65625,670.3,923.4000000000001,32
03000,laboral,27,902.0,913.03125,729.1,1061.4,32
03000,laboral,28,882.5,895.3125,772.3,1094.7,32
03000,laboral,29,847.0,895.75,782.7,1052.3000000000002,32
03000,laboral,30,892.5,883.03125,719.2,996.1,32
03000,laboral,31,777.0,785.75,632.9,931.4000000000001,32
03000,laboral,32,706.0,711.875,581.3,844.0000000000001,32
03000,laboral,33,584.5,579.53125,478.5,677.6,32
03000,laboral,34,483.5,475.59375,402.5,534.8,32
03000,laboral,35,379.5,382.65625,325.1,443.90000000000003,32
03000,laboral,36,292.0,296.65625,267.5,336.7,32
03000,laboral,37,234.0,234.3,201.7,266.20000000000005,30
03000,laboral,38,184.5,189.56666666666666,159.4,225.90000000000003,30
03000,laboral,39,154.5,159.43333333333334,134.9,190.40000000000003,30
03000,laboral,40,137.0,135.86666666666667,109.8,161.70000000000002,30
03000,laboral,41,112.0,118.2,102.0,144.4,30
03000,laboral,42,105.0,106.93333333333334,85.5,131.70000000000002,30
03000,laboral,43,102.5,105.16666666666667,85.9,122.1,30
03000,laboral,44,100.5,101.66666666666667,79.9,123.4,30
03000,laboral,45,94.5,95.83333333333333,76.9,117.0,30
03000,laboral,46,99.5,100.5,87.6,120.00000000000001,30
03000,laboral,47,101.5,101.2,85.0,124.2,30
03000,laboral,48,102.5,100.33333333333333,82.8,116.5,30
03000,laboral,49,102.5,103.46666666666667,86.3,124.2,30
03000,laboral,50,101.5,99.6,77.3,121.2,30
03000,laboral,51,103.0,101.46666666666667,84.7,122.1,30
03000,laboral,52,110.0,108.0,92.2,125.2,27
03000,laboral,53,102.0,103.92592592592592,84.6,123.80000000000001,27
03000,laboral,54,109.0,106.48148148148148,80.6,127.4,27
03000,laboral,55,111.0,111.11111111111111,91.4,133.4,27
03000,laboral,56,105.0,108.25925925925925,86.6,128.4,27
03000,laboral,57,110.0,117.5925925925926,97.0,142.0,27
03000,laboral,58,123.0,127.03703703703704,109.6,147.8,27
03000,laboral,59,127.0,130.44444444444446,106.2,158.4,27
03000,laboral,60,147.0,151.25925925925927,125.4,177.60000000000002,27
03000,laboral,61,164.0,171.5185185185185,141.4,204.8,27
03000,laboral,62,189.0,188.14814814814815,159.4,215.4,27
03000,laboral,63,209.0,211.92592592592592,180.8,260.4,27
03000,laboral,64,240.0,242.2962962962963,205.6,285.80000000000007,27
03000,laboral,65,277.0,272.3703703703704,228.2,307.2,27
03000,laboral,66,312.0,315.3333333333333,261.8,372.6,27
03000,laboral,67,353.0,347.5925925925926,276.2,390.0,27
03000,laboral,68,370.0,381.14814814814815,317.8,456.40000000000003,27
03000,laboral,69,425.0,433.44444444444446,364.4,504.40000000000003,27
03000,laboral,70,449.0,453.55555555555554,380.6,518.4,27
03000,laboral,71,485.0,479.81481481481484,384.4,543.0,27
03000,laboral,72,484.0,487.962962962963,423.0,559.6,27
03000,laboral,73,502.0,500.44444444444446,432.6,563.6,27
03000,laboral,74,502.0,498.6666666666667,422.4,540.2,27
03000,laboral,75,478.0,488.037037037037,400.6,593.0,27
03000,laboral,76,438.0,454.9259259259259,406.4,532.4000000000001,27
03000,laboral,77,468.0,455.5925925925926,366.0,554.8,27
03000,laboral,78,420.0,428.0740740740741,358.6,508.40000000000003,27
03000,laboral,79,390.0,403.2962962962963,349.6,452.4,27
03000,laboral,80,391.0,388.0,316.4,458.6,27
03000,laboral,81,332.0,336.74074074074076,286.8,392.6,27
03000,laboral,82,277.0,278.6666666666667,226.6,347.4,27
03000,laboral,83,254.0,257.48148148148147,210.6,294.40000000000003,27
03000,laboral,84,242.0,238.44444444444446,193.2,271.8,27
03000,laboral,85,206.0,202.2962962962963,180.0,221.8,27
03000,laboral,86,179.0,178.7037037037037,154.6,205.8,27
03000,laboral,87,150.0,153.96296296296296,128.2,179.20000000000002,27
03000,laboral,88,157.0,156.55555555555554,125.6,183.8,27
03000,laboral,89,140.0,136.37037037037038,103.4,155.4,27
03000,laboral,90,126.0,125.29629629629629,98.0,149.8,27
03000,laboral,91,119.0,119.70370370370371,98.2,145.8,27
03000,laboral,92,101.0,109.66666666666667,88.6,135.0,27
03000,laboral,93,104.0,105.74074074074075,90.0,125.4,27
03000,laboral,94,104.0,106.70370370370371,84.4,135.4,27
03000,laboral,95,103.0,105.5925925925926,82.6,133.60000000000002,27
03000,fin_de_semana,0,86.5,86.0,75.2,92.9,12
03000,fin_de_semana,1,79.5,77.83333333333333,61.0,91.6,12
03000,fin_de_semana,2,79.5,82.0,70.1,103.6,12
03000,fin_de_semana,3,79.0,77.33333333333333,61.5,91.6,12
03000,fin_de_semana,4,80.5,81.0,68.2,94.5,12
03000,fin_de_semana,5,78.5,77.41666666666667,63.0,95.5,12
03000,fin_de_semana,6,86.0,87.0,68.5,97.5,12
03000,fin_de_semana,7,83.0,84.83333333333333,71.5,101.5,12
03000,fin_de_semana,8,74.0,79.91666666666667,58.300000000000004,101.6,12
03000,fin_de_semana,9,78.0,76.58333333333333,61.3,90.3,12
03000,fin_de_semana,10,81.5,80.5,67.6,92.0,12
03000,fin_de_semana,11,80.5,83.91666666666667,64.1,108.9,12
03000,fin_de_semana,12,87.5,85.75,72.3,99.3,12
03000,fin_de_semana,13,81.0,86.08333333333333,75.1,104.5,12
03000,fin_de_semana,14,81.0,84.16666666666667,67.1,108.4,12
03000,fin_de_semana,15,93.0,93.5,79.0,115.0,12
03000,fin_de_semana,16,97.0,92.16666666666667,68.4,105.0,12
03000,fin_de_semana,17,118.0,111.75,93.2,124.8,12
03000,fin_de_semana,18,132.0,133.66666666666666,112.5,158.1,12
03000,fin_de_semana,19,170.5,174.75,149.0,211.6,12
03000,fin_de_semana,20,221.5,223.0,203.2,252.8,12
03000,fin_de_semana,21,277.0,282.5,216.0,343.3,12
03000,fin_de_semana,22,336.5,333.75,268.0,393.7,12
03000,fin_de_semana,23,436.0,424.9166666666667,372.1,481.8,12
03000,fin_de_semana,24,527.5,507.3333333333333,443.8,576.8,12
03000,fin_de_semana,25,624.5,623.1666666666666,541.4,673.5,12
03000,fin_de_semana,26,678.0,683.7692307692307,610.8,763.2,13
03000,fin_de_semana,27,708.0,714.5384615384615,616.4,811.4,13
03000,fin_de_semana,28,833.0,814.1538461538462,701.4,926.6,13
03000,fin_de_semana,29,769.0,765.3846153846154,645.8,894.6,13
03000,fin_de_semana,30,715.0,697.7692307692307,571.4,841.6,13
03000,fin_de_semana,31,644.0,649.7692307692307,541.0,761.6,13
03000,fin_de_semana,32,579.0,578.0769230769231,496.4,673.8000000000001,13
03000,fin_de_semana,33,467.0,468.7692307692308,454.2,508.4,13
03000,fin_de_semana,34,400.0,405.7692307692308,353.8,449.6,13
03000,fin_de_semana,35,301.0,305.0769230769231,281.4,333.8,13
03000,fin_de_semana,36,246.0,240.07692307692307,203.6,281.8,13
03000,fin_de_semana,37,195.0,192.53846153846155,165.0,214.6,13
03000,fin_de_semana,38,146.0,154.46153846153845,128.0,192.4,13
03000,fin_de_semana,39,117.0,120.07692307692308,108.2,137.4,13
03000,fin_de_semana,40,118.0,115.3076923076923,95.8,134.0,13
03000,fin_de_semana,41,94.0,89.84615384615384,73.0,103.8,13
03000,fin_de_semana,42,96.0,95.92307692307692,82.4,109.80000000000001,13
03000,fin_de_semana,43,89.0,88.53846153846153,72.6,99.6,13
03000,fin_de_semana,44,86.0,87.3076923076923,72.0,101.0,13
03000,fin_de_semana,45,82.0,82.15384615384616,64.6,97.2,13
03000,fin_de_semana,46,85.0,85.23076923076923,73.2,98.0,13
03000,fin_de_semana,47,84.0,83.46153846153847,65.0,98.4,13
03000,fin_de_semana,48,82.0,82.23076923076923,64.4,98.60000000000001,13
03000,fin_de_semana,49,75.0,77.46153846153847,61.4,102.00000000000001,13
03000,fin_de_semana,50,73.0,75.15384615384616,65.6,85.6,13
03000,fin_de_semana,51,79.0,79.46153846153847,63.4,92.6,13
03000,fin_de_semana,52,89.0,89.3076923076923,73.4,112.2,13
03000,fin_de_semana,53,85.0,87.61538461538461,72.4,102.0,13
03000,fin_de_semana,54,92.0,96.3076923076923,83.2,114.60000000000001,13
03000,fin_de_semana,55,87.0,89.07692307692308,77.6,105.80000000000001,13
03000,fin_de_semana,56,92.0,93.84615384615384,78.2,116.2,13
03000,fin_de_semana,57,111.0,105.61538461538461,85.2,125.2,13
03000,fin_de_semana,58,102.0,102.53846153846153,87.2,120.80000000000001,13
03000,fin_de_semana,59,115.0,112.38461538461539,72.4,140.0,13
03000,fin_de_semana,60,130.0,125.15384615384616,90.0,145.8,13
03000,fin_de_semana,61,150.0,142.30769230769232,101.4,171.6,13
03000,fin_de_semana,62,159.0,160.92307692307693,118.2,207.20000000000002,13
03000,fin_de_semana,63,179.0,188.30769230769232,167.6,220.8,13
03000,fin_de_semana,64,197.0,199.3846153846154,159.8,246.0,13
03000,fin_de_semana,65,246.0,246.6153846153846,211.8,291.6,13
03000,fin_de_semana,66,228.0,246.53846153846155,205.2,305.2,13
03000,fin_de_semana,67,306.0,301.61538461538464,237.6,363.20000000000005,13
03000,fin_de_semana,68,325.0,317.15384615384613,267.8,362.8,13
03000,fin_de_semana,69,341.0,351.84615384615387,327.2,387.6,13
03000,fin_de_semana,70,356.0,368.38461538461536,333.2,428.6,13
03000,fin_de_semana,71,413.0,421.2307692307692,369.8,489.6,13
03000,fin_de_semana,72,417.0,420.0,371.2,474.0,13
03000,fin_de_semana,73,388.0,412.15384615384613,372.0,482.20000000000005,13
03000,fin_de_semana,74,405.0,400.2307692307692,341.6,444.40000000000003,13
03000,fin_de_semana,75,396.0,402.84615384615387,353.8,451.8,13
03000,fin_de_semana,76,346.0,384.38461538461536,317.4,459.6,13
03000,fin_de_semana,77,402.0,388.46153846153845,326.4,442.2,13
03000,fin_de_semana,78,359.0,358.3076923076923,296.40000000000003,414.8,13
03000,fin_de_semana,79,326.0,328.7692307692308,271.4,394.0,13
03000,fin_de_semana,80,282.0,293.53846153846155,239.2,370.2,13
03000,fin_de_semana,81,266.0,268.15384615384613,233.4,311.6,13
03000,fin_de_semana,82,230.0,240.53846153846155,211.0,281.4,13
03000,fin_de_semana,83,207.0,206.76923076923077,164.4,248.4,13
03000,fin_de_semana,84,192.0,193.84615384615384,160.2,232.0,13
03000,fin_de_semana,85,169.0,164.15384615384616,138.6,184.8,13
03000,fin_de_semana,86,155.0,155.3846153846154,128.2,175.6,13
03000,fin_de_semana,87,129.0,129.76923076923077,101.8,159.0,13
03000,fin_de_semana,88,105.0,109.07692307692308,97.0,127.4,13
03000,fin_de_semana,89,106.0,105.38461538461539,81.8,125.60000000000001,13
03000,fin_de_semana,90,98.0,98.76923076923077,80.8,118.2,13
03000,fin_de_semana,91,100.0,97.15384615384616,81.4,113.2,13
03000,fin_de_semana,92,95.0,95.61538461538461,82.6,107.0,13
03000,fin_de_semana,93,86.0,87.53846153846153,70.2,107.8,13
03000,fin_de_semana,94,76.0,81.92307692307692,65.0,106.60000000000001,13
03000,fin_de_semana,95,87.0,89.38461538461539,71.4,115.4,13
05000,laboral,0,130.5,132.53571428571428,115.0,154.5,28
05000,laboral,1,133.5,131.25,109.5,152.6,28
05000,laboral,2,137.5,140.07142857142858,119.4,160.8,28
05000,laboral,3,122.0,126.42857142857143,96.7,157.8,28
05000,laboral,4,134.0,134.57142857142858,100.9,161.3,28
05000,laboral,5,127.5,130.89285714285714,104.0,157.6,28
05000,laboral,6,123.5,129.17857142857142,99.0,160.6,28
05000,laboral,7,138.5,137.78571428571428,118.8,158.3,28
05000,laboral,8,126.0,128.10714285714286,104.9,156.0,28
05000,laboral,9,142.5,142.32142857142858,123.1,162.60000000000002,28
05000,laboral,10,139.0,135.96428571428572,111.4,161.5,28
05000,laboral,11,133.0,133.19354838709677,103.0,161.0,31
05000,laboral,12,147.0,148.58064516129033,115.0,193.0,31
05000,laboral,13,154.0,150.58064516129033,119.0,182.0,31
05000,laboral,14,178.0,174.06451612903226,136.0,210.0,31
05000,laboral,15,186.0,193.70967741935485,167.0,232.0,31
05000,laboral,16,252.0,244.61290322580646,204.0,284.0,31
05000,laboral,17,297.0,292.3225806451613,248.0,338.0,31
05000,laboral,18,367.0,371.83870967741933,318.0,438.0,31
05000,laboral,19,481.0,482.0,399.0,574.0,31
05000,laboral,20,606.0,602.6451612903226,525.0,691.0,31
05000,laboral,21,756.0,758.8064516129032,666.0,862.0,31
05000,laboral,22,871.0,898.6774193548387,784.0,1048.0,31
05000,laboral,23,1008.0,1022.9354838709677,885.0,1246.0,31
05000,laboral,24,1208.0,1192.0645161290322,968.0,1393.0,31
05000,laboral,25,1209.0,1205.516129032258,1062.0,1322.0,31
05000,laboral,26,1237.0,1258.5,1025.2,1417.7,32
05000,laboral,27,1172.0,1176.25,1047.3,1357.5,32
05000,laboral,28,1083.0,1096.53125,910.6,1303.7,32
05000,laboral,29,1010.5,991.46875,857.3,1115.0,32
05000,laboral,30,836.0,860.34375,762.0,981.1,32
05000,laboral,31,722.5,731.1875,614.3,869.3000000000001,32
05000,laboral,32,578.0,589.25,514.7,679.0,32
05000,laboral,33,475.0,464.09375,418.1,498.9,32
05000,laboral,34,377.5,369.53125,299.2,421.9,32
05000,laboral,35,275.0,277.6875,245.3,324.8,32
05000,laboral,36,228.5,227.84375,198.4,265.0,32
05000,laboral,37,196.0,195.13333333333333,151.4,232.4,30
05000,laboral,38,168.5,164.33333333333334,135.9,192.2,30
05000,laboral,39,143.5,148.2,119.8,175.2,30
05000,laboral,40,148.0,147.33333333333334,111.2,179.2,30
05000,laboral,41,135.5,139.06666666666666,111.9,158.4,30
05000,laboral,42,133.5,135.1,107.10000000000001,153.5,30
05000,laboral,43,130.0,129.3,102.9,149.3,30
05000,laboral,44,136.0,137.83333333333334,114.3,162.0,30
05000,laboral,45,132.0,133.9,109.7,158.0,30
05000,laboral,46,132.0,138.56666666666666,107.9,164.8,30
05000,laboral,47,132.5,132.23333333333332,100.5,163.0,30
05000,laboral,48,133.5,134.86666666666667,116.9,158.3,30
05000,laboral,49,134.0,135.56666666666666,117.5,155.5,30
05000,laboral,50,133.5,137.6,105.7,170.3,30
05000,laboral,51,136.0,137.53333333333333,111.9,160.0,30
05000,laboral,52,136.0,138.55555555555554,113.8,163.8,27
05000,laboral,53,151.0,154.22222222222223,125.2,187.8,27
05000,laboral,54,159.0,156.22222222222223,127.2,182.0,27
05000,laboral,55,166.0,166.62962962962962,137.0,196.0,27
05000,laboral,56,169.0,170.33333333333334,136.0,204.20000000000002,27
05000,laboral,57,193.0,191.8148148148148,151.0,216.0,27
05000,laboral,58,209.0,208.22222222222223,175.0,236.40000000000003,27
05000,laboral,59,239.0,233.85185185185185,192.8,270.0,27
05000,laboral,60,263.0,260.14814814814815,224.0,293.0,27
05000,laboral,61,292.0,294.6666666666667,243.4,340.8,27
05000,laboral,62,332.0,341.77777777777777,277.0,410.6000000000001,27
05000,laboral,63,377.0,377.037037037037,308.0,437.0,27
05000,laboral,64,417.0,415.77777777777777,330.0,503.80000000000007,27
05000,laboral,65,454.0,471.51851851851853,377.2,564.8000000000001,27
05000,laboral,66,487.0,493.6666666666667,404.2,571.4000000000001,27
05000,laboral,67,540.0,536.8518518518518,444.6,605.2,27
05000,laboral,68,617.0,635.1851851851852,557.0,765.2,27
05000,laboral,69,654.0,659.3333333333334,549.2,787.2,27
05000,laboral,70,661.0,666.6296296296297,535.8,808.8000000000001,27
05000,laboral,71,628.0,632.074074074074,523.2,767.4,27
05000,laboral,72,705.0,699.4814814814815,582.4,829.6,27
05000,laboral,73,704.0,684.3333333333334,577.0,787.6,27
05000,laboral,74,630.0,644.6296296296297,545.8,815.6000000000001,27
05000,laboral,75,625.0,633.5925925925926,536.8,729.0,27
05000,laboral,76,528.0,541.5925925925926,450.6,655.6,27
05000,laboral,77,517.0,525.074074074074,453.8,604.8000000000001,27
05000,laboral,78,480.0,477.48148148148147,390.8,552.2,27
05000,laboral,79,436.0,422.1111111111111,342.6,490.4,27
05000,laboral,80,360.0,368.55555555555554,303.8,455.40000000000003,27
05000,laboral,81,311.0,320.22222222222223,271.0,384.20000000000005,27
05000,laboral,82,305.0,301.18518518518516,252.8,342.20000000000005,27
05000,laboral,83,250.0,254.0,214.0,294.00000000000006,27
05000,laboral,84,235.0,237.14814814814815,193.4,266.8,27
05000,laboral,85,192.0,202.77777777777777,163.0,244.8,27
05000,laboral,86,186.0,186.14814814814815,153.6,215.0,27
05000,laboral,87,167.0,168.77777777777777,146.4,199.0,27
05000,laboral,88,165.0,165.44444444444446,136.6,194.20000000000002,27
05000,laboral,89,156.0,159.37037037037038,129.8,199.8,27
05000,laboral,90,147.0,147.92592592592592,125.6,177.4,27
05000,laboral,91,140.0,143.59259259259258,122.6,169.00000000000003,27
05000,laboral,92,134.0,141.77777777777777,122.0,171.4,27
05000,laboral,93,135.0,137.2962962962963,118.2,161.60000000000002,27
05000,laboral,94,134.0,133.33333333333334,114.0,156.0,27
05000,laboral,95,129.0,131.92592592592592,109.4,160.8,27
05000,fin_de_semana,0,98.5,101.0,86.2,123.0,12
05000,fin_de_semana,1,115.5,117.16666666666667,95.7,137.7,12
05000,fin_de_semana,2,103.0,104.66666666666667,89.5,120.9,12
05000,fin_de_semana,3,104.0,103.91666666666667,83.1,121.7,12
05000,fin_de_semana,4,109.0,107.83333333333333,89.5,131.2,12
05000,fin_de_semana,5,102.0,104.83333333333333,84.2,123.3,12
05000,fin_de_semana,6,112.5,117.58333333333333,91.0,145.9,12
05000,fin_de_semana,7,100.5,104.91666666666667,92.2,124.4,12
05000,fin_de_semana,8,95.0,103.66666666666667,85.2,142.70000000000002,12
05000,fin_de_semana,9,106.0,107.41666666666667,96.1,129.0,12
05000,fin_de_semana,10,107.5,106.91666666666667,96.0,121.5,12
05000,fin_de_semana,11,107.5,107.33333333333333,80.2,125.9,12
05000,fin_de_semana,12,106.5,104.16666666666667,85.7,119.8,12
05000,fin_de_semana,13,139.0,135.58333333333334,105.1,156.9,12
05000,fin_de_semana,14,145.0,140.41666666666666,111.5,163.3,12
05000,fin_de_semana,15,150.5,152.66666666666666,139.0,184.5,12
05000,fin_de_semana,16,175.5,188.41666666666666,153.2,227.1,12
05000,fin_de_semana,17,253.5,252.25,220.1,279.7,12
05000,fin_de_semana,18,291.5,309.1666666666667,262.1,374.2,12
05000,fin_de_semana,19,375.5,380.6666666666667,334.0,430.90000000000003,12
05000,fin_de_semana,20,504.0,511.5,445.1,583.1,12
05000,fin_de_semana,21,635.5,613.9166666666666,518.1,710.1,12
05000,fin_de_semana,22,733.0,748.9166666666666,638.4,899.3000000000001,12
05000,fin_de_semana,23,836.5,844.5833333333334,763.9,948.6,12
05000,fin_de_semana,24,940.0,973.5,879.7,1101.0,12
05000,fin_de_semana,25,978.0,989.3333333333334,833.5,1142.5,12
05000,fin_de_semana,26,987.0,998.2307692307693,888.6,1103.4,13
05000,fin_de_semana,27,945.0,923.2307692307693,742.8,1025.2,13
05000,fin_de_semana,28,801.0,823.4615384615385,746.2,930.8000000000001,13
05000,fin_de_semana,29,822.0,821.6153846153846,668.8,972.6,13
05000,fin_de_semana,30,675.0,681.6923076923077,619.0,750.6,13
05000,fin_de_semana,31,617.0,604.3076923076923,481.8,693.4,13
05000,fin_de_semana,32,530.0,510.6923076923077,402.2,565.4,13
05000,fin_de_semana,33,374.0,370.0769230769231,319.0,417.40000000000003,13
05000,fin_de_semana,34,306.0,306.6923076923077,271.4,348.4,13
05000,fin_de_semana,35,233.0,237.46153846153845,209.2,271.4,13
05000,fin_de_semana,36,197.0,193.6153846153846,171.0,209.2,13
05000,fin_de_semana,37,160.0,163.6153846153846,132.4,196.0,13
05000,fin_de_semana,38,142.0,141.0,124.2,162.0,13
05000,fin_de_semana,39,118.0,124.15384615384616,103.0,150.8,13
05000,fin_de_semana,40,124.0,122.61538461538461,110.0,138.8,13
05000,fin_de_semana,41,126.0,126.07692307692308,118.4,141.8,13
05000,fin_de_semana,42,118.0,116.0,93.6,135.6,13
05000,fin_de_semana,43,105.0,105.38461538461539,88.0,120.4,13
05000,fin_de_semana,44,107.0,107.3076923076923,87.2,126.6,13
05000,fin_de_semana,45,94.0,101.15384615384616,85.6,116.0,13
05000,fin_de_semana,46,108.0,106.3076923076923,83.2,128.8,13
05000,fin_de_semana,47,111.0,115.0,91.8,137.4,13
05000,fin_de_semana,48,124.0,120.61538461538461,100.0,131.8,13
05000,fin_de_semana,49,107.0,110.92307692307692,94.0,128.8,13
05000,fin_de_semana,50,112.0,110.92307692307692,102.2,124.8,13
05000,fin_de_semana,51,120.0,122.23076923076923,104.2,146.60000000000002,13
05000,fin_de_semana,52,115.0,121.23076923076923,98.8,142.6,13
05000,fin_de_semana,53,132.0,125.46153846153847,89.2,149.4,13
05000,fin_de_semana,54,133.0,130.53846153846155,91.60000000000001,155.60000000000002,13
05000,fin_de_semana,55,130.0,130.46153846153845,107.4,148.4,13
05000,fin_de_semana,56,134.0,134.69230769230768,109.0,155.8,13
05000,fin_de_semana,57,155.0,157.23076923076923,132.6,182.2,13
05000,fin_de_semana,58,168.0,165.07692307692307,147.6,179.6,13
05000,fin_de_semana,59,201.0,201.92307692307693,180.8,234.4,13
05000,fin_de_semana,60,211.0,220.15384615384616,176.8,290.8,13
05000,fin_de_semana,61,241.0,244.23076923076923,212.2,288.40000000000003,13
05000,fin_de_semana,62,313.0,305.2307692307692,252.20000000000002,349.0,13
05000,fin_de_semana,63,294.0,300.61538461538464,245.0,375.8,13
05000,fin_de_semana,64,343.0,340.84615384615387,273.6,423.8,13
05000,fin_de_semana,65,397.0,390.7692307692308,335.0,443.2,13
05000,fin_de_semana,66,417.0,445.0,379.8,500.2,13
05000,fin_de_semana,67,444.0,460.3076923076923,390.4,531.6,13
05000,fin_de_semana,68,468.0,466.3076923076923,398.2,553.0,13
05000,fin_de_semana,69,522.0,531.0769230769231,453.8,610.0,13
05000,fin_de_semana,70,550.0,582.6923076923077,519.2,707.8000000000001,13
05000,fin_de_semana,71,575.0,568.0,488.8,664.2,13
05000,fin_de_semana,72,558.0,557.5384615384615,479.4,629.0,13
05000,fin_de_semana,73,568.0,588.4615384615385,486.6,732.4,13
05000,fin_de_semana,74,520.0,523.4615384615385,473.6,566.8000000000001,13
05000,fin_de_semana,75,508.0,505.0,443.6,555.6,13
05000,fin_de_semana,76,422.0,430.61538461538464,365.2,504.6,13
05000,fin_de_semana,77,415.0,421.7692307692308,345.2,477.8,13
05000,fin_de_semana,78,369.0,378.6923076923077,314.2,444.0,13
05000,fin_de_semana,79,330.0,326.7692307692308,245.6,421.00000000000006,13
05000,fin_de_semana,80,321.0,310.61538461538464,243.2,370.6,13
05000,fin_de_semana,81,259.0,261.6923076923077,218.4,309.8,13
05000,fin_de_semana,82,238.0,249.69230769230768,210.6,309.6,13
05000,fin_de_semana,83,201.0,204.46153846153845,165.6,241.8,13
05000,fin_de_semana,84,173.0,176.76923076923077,152.4,210.60000000000002,13
05000,fin_de_semana,85,195.0,186.76923076923077,158.2,205.4,13
05000,fin_de_semana,86,145.0,145.76923076923077,123.0,174.20000000000002,13
05000,fin_de_semana,87,148.0,141.0,121.0,160.6,13
05000,fin_de_semana,88,124.0,121.84615384615384,99.2,143.8,13
05000,fin_de_semana,89,118.0,118.3076923076923,103.6,130.8,13
05000,fin_de_semana,90,115.0,117.15384615384616,90.2,140.4,13
05000,fin_de_semana,91,106.0,108.46153846153847,83.8,132.4,13
05000,fin_de_semana,92,117.0,119.23076923076923,93.8,140.8,13
05000,fin_de_semana,93,112.0,110.23076923076923,98.0,119.8,13
05000,fin_de_semana,94,108.0,109.07692307692308,96.2,120.8,13
05000,fin_de_semana,95,103.0,106.53846153846153,85.6,128.6,13
05100,laboral,0,299.5,290.7142857142857,231.6,339.7,28
05100,laboral,1,295.5,297.17857142857144,243.6,351.1,28
05100,laboral,2,285.0,286.25,238.2,340.5,28
05100,laboral,3,290.5,296.25,260.4,342.0,28
05100,laboral,4,299.0,293.10714285714283,245.0,357.5,28
05100,laboral,5,300.5,293.42857142857144,231.3,340.2,28
05100,laboral,6,299.0,295.0357142857143,254.4,321.8,28
05100,laboral,7,287.0,284.89285714285717,229.2,330.5,28
05100,laboral,8,314.5,301.42857142857144,235.7,327.0,28
05100,laboral,9,289.5,294.82142857142856,247.0,343.9,28
05100,laboral,10,293.5,286.07142857142856,233.1,323.6,28
05100,laboral,11,304.0,308.48387096774195,245.0,373.0,31
05100,laboral,12,303.0,301.3225806451613,254.0,360.0,31
05100,laboral,13,301.0,309.06451612903226,263.0,365.0,31
05100,laboral,14,309.0,311.03225806451616,271.0,363.0,31
05100,laboral,15,335.0,323.4193548387097,266.0,375.0,31
05100,laboral,16,347.0,350.0967741935484,279.0,411.0,31
05100,laboral,17,377.0,376.8709677419355,332.0,429.0,31
05100,laboral,18,435.0,435.03225806451616,365.0,512.0,31
05100,laboral,19,504.0,508.19354838709677,423.0,598.0,31
05100,laboral,20,560.0,551.483870967742,442.0,649.0,31
05100,laboral,21,597.0,618.7096774193549,544.0,726.0,31
05100,laboral,22,741.0,748.5806451612904,647.0,835.0,31
05100,laboral,23,868.0,869.6129032258065,749.0,1013.0,31
05100,laboral,24,1019.0,1008.9354838709677,878.0,1140.0,31
05100,laboral,25,1119.0,1093.4516129032259,929.0,1255.0,31
05100,laboral,26,1177.5,1226.21875,1046.2,1503.5,32
05100,laboral,27,1317.5,1324.125,1131.5,1540.6000000000001,32
05100,laboral,28,1386.5,1423.3125,1186.8,1689.3,32
05100,laboral,29,1481.5,1473.34375,1073.7,1714.1000000000001,32
05100,laboral,30,1425.0,1391.6875,1179.1,1582.9,32
05100,laboral,31,1309.5,1323.625,1145.8,1547.7,32
05100,laboral,32,1317.5,1324.375,1108.3,1593.2,32
05100,laboral,33,1156.5,1178.9375,1024.1,1354.1000000000001,32
05100,laboral,34,1031.5,1064.34375,942.9,1236.8000000000002,32
05100,laboral,35,928.0,933.84375,815.0,1038.9,32
05100,laboral,36,862.0,853.96875,711.4,976.9,32
05100,laboral,37,693.5,715.6,595.8,863.3000000000001,30
05100,laboral,38,618.5,619.3,527.0,697.7,30
05100,laboral,39,491.0,506.26666666666665,404.2,601.1,30
05100,laboral,40,459.5,456.0,376.4,536.2,30
05100,laboral,41,407.5,399.73333333333335,328.7,480.1,30
05100,laboral,42,353.5,363.56666666666666,315.1,437.40000000000003,30
05100,laboral,43,325.5,328.76666666666665,285.6,358.6,30
05100,laboral,44,298.0,298.8666666666667,254.7,337.6,30
05100,laboral,45,288.5,296.3666666666667,242.7,340.90000000000003,30
05100,laboral,46,292.5,300.6333333333333,236.6,367.2,30
05100,laboral,47,310.0,298.8333333333333,219.5,348.1,30
05100,laboral,48,277.5,283.96666666666664,248.5,339.2,30
05100,laboral,49,295.5,291.1,238.3,341.2,30
05100,laboral,50,295.5,299.8333333333333,250.5,353.90000000000003,30
05100,laboral,51,295.0,302.06666666666666,248.5,373.5,30
05100,laboral,52,315.0,309.962962962963,234.2,372.8,27
05100,laboral,53,294.0,302.8888888888889,254.8,361.40000000000003,27
05100,laboral,54,302.0,307.25925925925924,244.8,381.00000000000006,27
05100,laboral,55,324.0,316.7037037037037,267.6,375.8,27
05100,laboral,56,345.0,334.74074074074076,269.0,396.2,27
05100,laboral,57,361.0,359.51851851851853,298.8,423.40000000000003,27
05100,laboral,58,402.0,398.14814814814815,348.2,440.2,27
05100,laboral,59,457.0,439.8888888888889,366.2,507.0,27
05100,laboral,60,478.0,503.037037037037,413.0,614.2,27
05100,laboral,61,549.0,557.7037037037037,487.8,645.4,27
05100,laboral,62,651.0,666.8148148148148,575.2,794.4,27
05100,laboral,63,708.0,723.074074074074,644.6,814.0,27
05100,laboral,64,835.0,866.925925925926,723.0,1044.8,27
05100,laboral,65,1007.0,983.8518518518518,844.8,1100.2,27
05100,laboral,66,1075.0,1064.5555555555557,870.2,1240.4,27
05100,laboral,67,1205.0,1200.5925925925926,1031.0,1383.0000000000002,27
05100,laboral,68,1294.0,1284.8148148148148,1079.4,1460.8000000000002,27
05100,laboral,69,1305.0,1315.037037037037,1053.0,1591.4,27
05100,laboral,70,1356.0,1347.7037037037037,1056.2,1594.8000000000002,27
05100,laboral,71,1415.0,1381.5925925925926,1155.8,1580.2,27
05100,laboral,72,1385.0,1416.037037037037,1190.6,1678.8,27
05100,laboral,73,1328.0,1369.7407407407406,1251.0,1503.2000000000003,27
05100,laboral,74,1252.0,1243.3703703703704,1087.4,1432.8,27
05100,laboral,75,1145.0,1156.4074074074074,1022.2,1277.0,27
05100,laboral,76,1042.0,1036.962962962963,882.8,1187.0000000000002,27
05100,laboral,77,913.0,919.5185185185185,788.4,1093.0,27
05100,laboral,78,789.0,795.2592592592592,634.8,911.6,27
05100,laboral,79,740.0,727.8518518518518,605.4,835.8000000000001,27
05100,laboral,80,600.0,596.5555555555555,526.2,659.0000000000001,27
05100,laboral,81,505.0,517.7777777777778,427.2,600.8000000000001,27
05100,laboral,82,463.0,457.44444444444446,355.8,538.0,27
05100,laboral,83,385.0,384.4074074074074,313.0,452.8,27
05100,laboral,84,359.0,361.3333333333333,312.4,417.40000000000003,27
05100,laboral,85,358.0,351.3703703703704,290.4,395.8,27
05100,laboral,86,324.0,324.8888888888889,261.2,376.40000000000003,27
05100,laboral,87,313.0,304.48148148148147,262.0,348.6,27
05100,laboral,88,309.0,306.55555555555554,266.2,335.8,27
05100,laboral,89,281.0,284.77777777777777,249.4,341.2,27
05100,laboral,90,286.0,288.14814814814815,235.0,339.8,27
05100,laboral,91,301.0,298.0740740740741,246.2,348.0,27
05100,laboral,92,302.0,297.4074074074074,247.2,335.4,27
05100,laboral,93,286.0,293.44444444444446,231.8,338.4,27
05100,laboral,94,274.0,280.962962962963,237.8,336.8,27
05100,laboral,95,293.0,299.18518518518516,261.0,343.20000000000005,27
05100,fin_de_semana,0,264.5,251.83333333333334,201.8,285.0,12
05100,fin_de_semana,1,252.5,246.25,198.8,279.6,12
05100,fin_de_semana,2,244.5,232.08333333333334,165.0,280.5,12
05100,fin_de_semana,3,217.0,215.25,180.0,265.6,12
05100,fin_de_semana,4,221.5,214.5,167.7,241.9,12
05100,fin_de_semana,5,232.5,242.41666666666666,199.3,298.1,12
05100,fin_de_semana,6,221.0,227.58333333333334,187.2,260.8,12
05100,fin_de_semana,7,230.0,241.75,204.0,294.3,12
05100,fin_de_semana,8,228.0,229.16666666666666,181.6,270.3,12
05100,fin_de_semana,9,231.5,235.16666666666666,216.4,263.5,12
05100,fin_de_semana,10,237.0,238.08333333333334,207.0,261.8,12
05100,fin_de_semana,11,243.5,249.41666666666666,216.7,303.3,12
05100,fin_de_semana,12,246.5,250.5,214.1,287.1,12
05100,fin_de_semana,13,233.0,237.83333333333334,194.9,277.0,12
05100,fin_de_semana,14,241.5,243.25,215.3,284.6,12
05100,fin_de_semana,15,258.0,254.33333333333334,210.4,289.4,12
05100,fin_de_semana,16,258.0,263.4166666666667,234.3,306.0,12
05100,fin_de_semana,17,336.0,336.5,300.3,376.7,12
05100,fin_de_semana,18,348.0,343.25,300.2,381.7,12
05100,fin_de_semana,19,398.5,407.3333333333333,333.2,486.7,12
05100,fin_de_semana,20,461.0,455.75,333.40000000000003,536.5,12
05100,fin_de_semana,21,493.5,507.1666666666667,417.7,627.8000000000001,12
05100,fin_de_semana,22,670.5,644.5833333333334,496.4,731.1,12
05100,fin_de_semana,23,710.5,725.75,669.6,787.2,12
05100,fin_de_semana,24,774.5,793.5,704.6,917.8000000000001,12
05100,fin_de_semana,25,1004.0,922.6666666666666,699.9,1053.6,12
05100,fin_de_semana,26,1019.0,1015.8461538461538,861.6,1180.2,13
05100,fin_de_semana,27,1153.0,1173.6923076923076,1093.2,1225.6,13
05100,fin_de_semana,28,1165.0,1175.076923076923,1019.2,1358.4,13
05100,fin_de_semana,29,1188.0,1204.5384615384614,1099.0,1353.4,13
05100,fin_de_semana,30,1218.0,1213.5384615384614,1041.4,1362.4,13
05100,fin_de_semana,31,1187.0,1124.6923076923076,828.2,1309.8,13
05100,fin_de_semana,32,1045.0,1107.1538461538462,978.0,1295.8,13
05100,fin_de_semana,33,997.0,1003.5384615384615,881.4,1115.2,13
05100,fin_de_semana,34,883.0,889.7692307692307,766.6,1000.0,13
05100,fin_de_semana,35,754.0,749.6153846153846,673.8,836.8000000000001,13
05100,fin_de_semana,36,656.0,649.8461538461538,543.4,734.2,13
05100,fin_de_semana,37,617.0,608.4615384615385,521.8,712.0,13
05100,fin_de_semana,38,500.0,488.3076923076923,408.8,560.0,13
05100,fin_de_semana,39,415.0,419.38461538461536,343.6,500.8,13
05100,fin_de_semana,40,380.0,372.46153846153845,301.6,424.8,13
05100,fin_de_semana,41,362.0,335.9230769230769,279.4,380.8,13
05100,fin_de_semana,42,294.0,291.61538461538464,232.20000000000002,336.20000000000005,13
05100,fin_de_semana,43,273.0,278.7692307692308,204.6,358.6,13
05100,fin_de_semana,44,263.0,260.46153846153845,210.6,300.0,13
05100,fin_de_semana,45,262.0,263.3076923076923,231.6,296.4,13
05100,fin_de_semana,46,247.0,258.38461538461536,221.4,312.6,13
05100,fin_de_semana,47,251.0,240.15384615384616,194.4,278.2,13
05100,fin_de_semana,48,249.0,243.3846153846154,205.0,268.4,13
05100,fin_de_semana,49,235.0,247.92307692307693,196.8,302.0,13
05100,fin_de_semana,50,243.0,243.53846153846155,208.20000000000002,270.8,13
05100,fin_de_semana,51,247.0,240.84615384615384,174.0,298.8,13
05100,fin_de_semana,52,236.0,249.0,207.0,304.6,13
05100,fin_de_semana,53,230.0,242.3846153846154,198.6,286.8,13
05100,fin_de_semana,54,244.0,251.76923076923077,214.6,295.40000000000003,13
05100,fin_de_semana,55,254.0,258.84615384615387,228.8,290.6,13
05100,fin_de_semana,56,280.0,282.84615384615387,235.4,342.20000000000005,13
05100,fin_de_semana,57,295.0,289.61538461538464,241.0,330.0,13
05100,fin_de_semana,58,320.0,317.6923076923077,265.6,358.0,13
05100,fin_de_semana,59,346.0,346.9230769230769,287.0,415.0,13
05100,fin_de_semana,60,426.0,414.84615384615387,339.6,452.40000000000003,13
05100,fin_de_semana,61,478.0,494.0,432.4,582.0,13
05100,fin_de_semana,62,524.0,551.0769230769231,447.4,692.8000000000001,13
05100,fin_de_semana,63,604.0,628.2307692307693,543.2,719.0,13
05100,fin_de_semana,64,675.0,692.0769230769231,615.6,792.2,13
05100,fin_de_semana,65,740.0,739.6923076923077,610.6,849.4000000000001,13
05100,fin_de_semana,66,956.0,936.9230769230769,771.0,1034.6,13
05100,fin_de_semana,67,1009.0,951.9230769230769,736.8,1095.2,13
05100,fin_de_semana,68,1030.0,1039.2307692307693,931.4,1166.6,13
05100,fin_de_semana,69,1050.0,1042.923076923077,902.4,1183.8,13
05100,fin_de_semana,70,1216.0,1225.6923076923076,961.6,1504.4,13
05100,fin_de_semana,71,1092.0,1160.1538461538462,964.8,1403.2,13
05100,fin_de_semana,72,1078.0,1104.7692307692307,940.0,1273.4,13
05100,fin_de_semana,73,1153.0,1156.4615384615386,1055.0,1235.8,13
05100,fin_de_semana,74,1070.0,1059.4615384615386,910.8,1184.0,13
05100,fin_de_semana,75,922.0,903.6153846153846,718.4,1038.2,13
05100,fin_de_semana,76,845.0,845.9230769230769,742.4,956.2,13
05100,fin_de_semana,77,738.0,756.4615384615385,637.8,876.4,13
05100,fin_de_semana,78,638.0,629.3846153846154,537.8,705.6,13
05100,fin_de_semana,79,595.0,604.1538461538462,493.40000000000003,720.8000000000001,13
05100,fin_de_semana,80,516.0,520.2307692307693,447.6,594.6,13
05100,fin_de_semana,81,418.0,434.0769230769231,384.8,497.8,13
05100,fin_de_semana,82,389.0,391.84615384615387,315.4,457.8,13
05100,fin_de_semana,83,311.0,324.2307692307692,260.2,382.40000000000003,13
05100,fin_de_semana,84,306.0,309.6923076923077,275.4,331.0,13
05100,fin_de_semana,85,282.0,276.3076923076923,225.20000000000002,310.8,13
05100,fin_de_semana,86,273.0,274.7692307692308,229.8,334.20000000000005,13
05100,fin_de_semana,87,253.0,250.15384615384616,206.0,304.2,13
05100,fin_de_semana,88,238.0,239.76923076923077,204.2,266.0,13
05100,fin_de_semana,89,234.0,240.46153846153845,204.8,283.40000000000003,13
05100,fin_de_semana,90,263.0,263.6923076923077,208.8,322.20000000000005,13
05100,fin_de_semana,91,218.0,230.84615384615384,195.4,277.2,13
05100,fin_de_semana,92,245.0,241.0,206.0,267.4,13
05100,fin_de_semana,93,216.0,225.07692307692307,189.4,271.8,13
05100,fin_de_semana,94,235.0,220.76923076923077,186.0,242.0,13
05100,fin_de_semana,95,222.0,236.15384615384616,200.6,297.8,13
06000,laboral,0,256.5,256.0357142857143,212.3,302.6,28
06000,laboral,1,255.5,252.71428571428572,190.8,292.8,28
06000,laboral,2,253.5,252.14285714285714,209.8,289.3,28
06000,laboral,3,268.5,264.0357142857143,194.8,313.8,28
06000,laboral,4,259.5,261.64285714285717,234.9,296.8,28
06000,laboral,5,247.5,251.5,209.6,291.5,28
06000,laboral,6,255.5,254.14285714285714,218.7,282.90000000000003,28
06000,laboral,7,259.0,257.57142857142856,215.0,295.1,28
06000,laboral,8,252.0,255.92857142857142,206.7,322.8,28
06000,laboral,9,255.0,247.17857142857142,191.8,288.3,28
06000,laboral,10,251.0,262.39285714285717,191.3,342.1,28
06000,laboral,11,238.0,244.2258064516129,198.0,297.0,31
06000,laboral,12,240.0,245.03225806451613,208.0,297.0,31
06000,laboral,13,273.0,264.2903225806452,204.0,308.0,31
06000,laboral,14,274.0,268.35483870967744,212.0,320.0,31
06000,laboral,15,267.0,266.64516129032256,229.0,302.0,31
06000,laboral,16,282.0,281.4516129032258,213.0,343.0,31
06000,laboral,17,296.0,289.5806451612903,230.0,340.0,31
06000,laboral,18,299.0,308.38709677419354,246.0,378.0,31
06000,laboral,19,359.0,358.83870967741933,307.0,405.0,31
06000,laboral,20,390.0,386.2258064516129,303.0,450.0,31
06000,laboral,21,483.0,475.8709677419355,399.0,546.0,31
06000,laboral,22,525.0,548.4193548387096,454.0,656.0,31
06000,laboral,23,619.0,627.483870967742,522.0,727.0,31
06000,laboral,24,711.0,744.2903225806451,623.0,891.0,31
06000,laboral,25,808.0,820.6129032258065,712.0,958.0,31
06000,laboral,26,919.0,923.5,718.3,1095.6000000000001,32
06000,laboral,27,1020.5,1053.53125,847.4,1270.7,32
06000,laboral,28,1114.0,1151.46875,1015.3,1380.7,32
06000,laboral,29,1181.5,1167.75,946.5,1336.0,32
06000,laboral,30,1226.0,1241.90625,1068.8,1465.3,32
06000,laboral,31,1195.0,1242.1875,1072.2,1473.2,32
06000,laboral,32,1228.5,1242.21875,1045.4,1487.7,32
06000,laboral,33,1161.0,1159.78125,1002.1,1367.8000000000002,32
06000,laboral,34,1012.0,1033.8125,816.8,1225.6000000000001,32
06000,laboral,35,966.5,987.53125,865.1,1152.6000000000001,32
06000,laboral,36,813.5,830.40625,702.4,967.3000000000001,32
06000,laboral,37,703.5,746.7,641.1,900.6,30
06000,laboral,38,645.0,651.4,545.6,748.2,30
06000,laboral,39,531.5,538.7333333333333,455.5,622.1,30
06000,laboral,40,459.0,473.76666666666665,393.7,573.9,30
06000,laboral,41,393.0,396.26666666666665,333.7,468.2,30
06000,laboral,42,367.5,359.73333333333335,293.6,431.90000000000003,30
06000,laboral,43,303.5,303.03333333333336,244.9,383.2,30
06000,laboral,44,303.0,294.8666666666667,243.5,347.40000000000003,30
06000,laboral,45,264.5,268.1,219.6,312.50000000000006,30
06000,laboral,46,269.5,264.4,209.8,316.6,30
06000,laboral,47,241.5,237.73333333333332,201.3,267.4,30
06000,laboral,48,252.0,252.83333333333334,201.9,314.8,30
06000,laboral,49,256.0,255.46666666666667,200.6,300.7,30
06000,laboral,50,232.5,245.46666666666667,206.4,307.4,30
06000,laboral,51,253.5,259.6,204.9,323.2,30
06000,laboral,52,242.0,246.88888888888889,206.8,285.40000000000003,27
06000,laboral,53,255.0,254.92592592592592,202.6,299.8,27
06000,laboral,54,257.0,258.18518518518516,207.8,306.4,27
06000,laboral,55,251.0,263.85185185185185,198.4,336.8,27
06000,laboral,56,270.0,276.0,225.2,323.40000000000003,27
06000,laboral,57,276.0,282.9259259259259,235.4,330.6,27
06000,laboral,58,270.0,286.3333333333333,246.8,340.8,27
06000,laboral,59,313.0,309.5925925925926,253.0,366.6,27
06000,laboral,60,351.0,347.4074074074074,288.2,411.20000000000005,27
06000,laboral,61,389.0,390.14814814814815,279.0,471.00000000000006,27
06000,laboral,62,467.0,457.0,367.8,536.2,27
06000,laboral,63,478.0,515.0,424.8,624.6,27
06000,laboral,64,617.0,628.7037037037037,530.2,748.8,27
06000,laboral,65,703.0,695.1851851851852,595.2,796.8,27
06000,laboral,66,785.0,787.2962962962963,661.2,920.0000000000001,27
06000,laboral,67,874.0,915.8888888888889,726.0,1144.2,27
06000,laboral,68,978.0,996.1851851851852,841.2,1131.2,27
06000,laboral,69,1051.0,1058.6666666666667,896.0,1274.2000000000003,27
06000,laboral,70,1143.0,1176.6296296296296,966.4,1460.6000000000001,27
06000,laboral,71,1174.0,1198.3333333333333,962.8,1447.2,27
06000,laboral,72,1199.0,1220.3333333333333,977.2,1468.2,27
06000,laboral,73,1290.0,1301.7777777777778,1047.2,1602.4,27
06000,laboral,74,1117.0,1138.0,972.8,1300.2000000000003,27
06000,laboral,75,1097.0,1131.888888888889,931.4,1295.8,27
06000,laboral,76,1046.0,1014.0,865.4,1125.8,27
06000,laboral,77,898.0,905.8518518518518,740.6,1091.6000000000001,27
06000,laboral,78,824.0,827.2962962962963,686.0,981.2,27
06000,laboral,79,733.0,734.2592592592592,594.6,864.2,27
06000,laboral,80,626.0,617.1111111111111,502.0,729.8000000000001,27
06000,laboral,81,585.0,566.3333333333334,455.2,646.0000000000001,27
06000,laboral,82,467.0,475.55555555555554,402.0,594.0000000000001,27
06000,laboral,83,414.0,415.0,338.8,484.0,27
06000,laboral,84,359.0,358.85185185185185,297.2,431.40000000000003,27
06000,laboral,85,331.0,332.3333333333333,263.8,386.8,27
06000,laboral,86,319.0,330.2962962962963,280.6,400.00000000000006,27
06000,laboral,87,287.0,291.18518518518516,244.8,338.6,27
06000,laboral,88,272.0,261.5925925925926,200.0,300.00000000000006,27
06000,laboral,89,253.0,253.14814814814815,213.0,299.20000000000005,27
06000,laboral,90,260.0,260.3703703703704,205.0,324.20000000000005,27
06000,laboral,91,240.0,249.96296296296296,201.4,303.80000000000007,27
06000,laboral,92,254.0,254.37037037037038,205.4,293.40000000000003,27
06000,laboral,93,245.0,246.7037037037037,200.2,298.00000000000006,27
06000,laboral,94,239.0,242.14814814814815,203.6,279.0,27
06000,laboral,95,231.0,230.66666666666666,197.6,273.0,27
06000,fin_de_semana,0,205.0,208.66666666666666,173.6,245.8,12
06000,fin_de_semana,1,183.5,202.58333333333334,170.1,254.0,12
06000,fin_de_semana,2,208.5,214.75,192.2,260.90000000000003,12
06000,fin_de_semana,3,175.0,178.25,153.0,217.8,12
06000,fin_de_semana,4,197.5,197.91666666666666,163.2,227.0,12
06000,fin_de_semana,5,185.0,184.5,151.0,218.70000000000002,12
06000,fin_de_semana,6,194.5,189.75,158.9,217.4,12
06000,fin_de_semana,7,192.0,195.91666666666666,176.3,226.70000000000002,12
06000,fin_de_semana,8,190.5,190.58333333333334,158.6,222.8,12
06000,fin_de_semana,9,206.5,201.66666666666666,170.1,229.70000000000002,12
06000,fin_de_semana,10,198.5,200.41666666666666,161.6,228.4,12
06000,fin_de_semana,11,211.0,212.58333333333334,181.1,253.3,12
06000,fin_de_semana,12,209.5,205.58333333333334,172.1,228.7,12
06000,fin_de_semana,13,204.5,208.5,172.7,251.4,12
06000,fin_de_semana,14,199.0,206.0,179.1,242.2,12
06000,fin_de_semana,15,227.5,224.66666666666666,199.3,242.8,12
06000,fin_de_semana,16,218.0,219.83333333333334,201.5,242.2,12
06000,fin_de_semana,17,220.0,237.91666666666666,206.6,275.9,12
06000,fin_de_semana,18,245.5,249.83333333333334,219.3,289.3,12
06000,fin_de_semana,19,293.0,296.25,260.9,314.8,12
06000,fin_de_semana,20,317.5,325.0,281.2,373.3,12
06000,fin_de_semana,21,384.0,374.4166666666667,328.5,405.1,12
06000,fin_de_semana,22,448.0,450.3333333333333,372.1,548.6,12
06000,fin_de_semana,23,539.0,540.9166666666666,491.0,596.7,12
06000,fin_de_semana,24,563.0,564.3333333333334,492.7,635.7,12
06000,fin_de_semana,25,730.0,700.5833333333334,539.0,805.7,12
06000,fin_de_semana,26,776.0,796.5384615384615,677.4,951.8000000000001,13
06000,fin_de_semana,27,858.0,890.0769230769231,745.6,996.6,13
06000,fin_de_semana,28,934.0,956.6153846153846,820.4,1141.2,13
06000,fin_de_semana,29,951.0,1025.1538461538462,855.8,1188.0,13
06000,fin_de_semana,30,969.0,994.7692307692307,809.8,1252.6000000000001,13
06000,fin_de_semana,31,958.0,1029.8461538461538,907.8,1158.2,13
06000,fin_de_semana,32,866.0,881.7692307692307,701.2,1075.2,13
06000,fin_de_semana,33,863.0,865.5384615384615,757.0,1009.8000000000001,13
06000,fin_de_semana,34,847.0,894.8461538461538,745.0,1052.0,13
06000,fin_de_semana,35,809.0,812.8461538461538,675.2,930.6,13
06000,fin_de_semana,36,707.0,707.4615384615385,635.2,792.8,13
06000,fin_de_semana,37,588.0,591.0,496.8,641.0,13
06000,fin_de_semana,38,514.0,520.2307692307693,438.4,628.4000000000001,13
06000,fin_de_semana,39,425.0,436.9230769230769,346.6,535.8,13
06000,fin_de_semana,40,387.0,388.53846153846155,340.4,469.00000000000006,13
06000,fin_de_semana,41,351.0,342.84615384615387,265.0,405.40000000000003,13
06000,fin_de_semana,42,292.0,295.9230769230769,262.6,317.0,13
06000,fin_de_semana,43,279.0,272.46153846153845,205.20000000000002,328.6,13
06000,fin_de_semana,44,249.0,242.92307692307693,208.6,272.6,13
06000,fin_de_semana,45,240.0,260.3076923076923,224.4,323.8,13
06000,fin_de_semana,46,231.0,231.6153846153846,201.8,274.2,13
06000,fin_de_semana,47,195.0,209.30769230769232,160.8,278.40000000000003,13
06000,fin_de_semana,48,214.0,210.6153846153846,168.2,247.0,13
06000,fin_de_semana,49,197.0,204.15384615384616,167.6,242.8,13
06000,fin_de_semana,50,205.0,195.46153846153845,164.2,217.4,13
06000,fin_de_semana,51,224.0,225.6153846153846,174.4,283.8,13
06000,fin_de_semana,52,201.0,200.76923076923077,178.6,231.0,13
06000,fin_de_semana,53,204.0,206.76923076923077,182.4,235.4,13
06000,fin_de_semana,54,215.0,213.46153846153845,168.6,259.0,13
06000,fin_de_semana,55,236.0,233.92307692307693,168.2,281.0,13
06000,fin_de_semana,56,207.0,213.92307692307693,188.2,251.8,13
06000,fin_de_semana,57,245.0,244.69230769230768,207.20000000000002,280.4,13
06000,fin_de_semana,58,223.0,237.6153846153846,202.8,296.0,13
06000,fin_de_semana,59,269.0,273.84615384615387,243.2,319.6,13
06000,fin_de_semana,60,281.0,284.2307692307692,255.2,326.0,13
06000,fin_de_semana,61,315.0,330.46153846153845,280.4,383.4,13
06000,fin_de_semana,62,372.0,390.3076923076923,339.4,455.2,13
06000,fin_de_semana,63,462.0,482.0769230769231,425.6,544.4,13
06000,fin_de_semana,64,568.0,553.9230769230769,468.0,633.4,13
06000,fin_de_semana,65,547.0,546.8461538461538,480.8,605.2,13
06000,fin_de_semana,66,671.0,665.3076923076923,562.6,773.6,13
06000,fin_de_semana,67,791.0,762.4615384615385,599.4,897.4,13
06000,fin_de_semana,68,777.0,794.2307692307693,690.6,897.0,13
06000,fin_de_semana,69,950.0,948.0769230769231,864.6,1042.2,13
06000,fin_de_semana,70,1014.0,1041.3846153846155,883.8,1239.4,13
06000,fin_de_semana,71,1088.0,1070.7692307692307,909.4,1252.8,13
06000,fin_de_semana,72,906.0,997.7692307692307,785.0,1314.2,13
06000,fin_de_semana,73,971.0,961.6153846153846,829.4,1123.0,13
06000,fin_de_semana,74,914.0,934.3076923076923,816.8,1092.8,13
06000,fin_de_semana,75,883.0,893.4615384615385,727.0,1014.8,13
06000,fin_de_semana,76,749.0,751.5384615384615,664.2,837.6,13
06000,fin_de_semana,77,781.0,788.8461538461538,708.0,884.8000000000001,13
06000,fin_de_semana,78,665.0,656.3076923076923,555.0,750.6,13
06000,fin_de_semana,79,572.0,593.7692307692307,509.8,693.8000000000001,13
06000,fin_de_semana,80,549.0,538.9230769230769,424.2,635.8,13
06000,fin_de_semana,81,452.0,455.6923076923077,382.2,536.2,13
06000,fin_de_semana,82,383.0,392.53846153846155,342.8,428.6,13
06000,fin_de_semana,83,357.0,362.61538461538464,302.8,429.00000000000006,13
06000,fin_de_semana,84,303.0,314.6923076923077,246.6,379.20000000000005,13
06000,fin_de_semana,85,252.0,262.9230769230769,232.4,305.0,13
06000,fin_de_semana,86,252.0,241.3846153846154,210.0,271.2,13
06000,fin_de_semana,87,214.0,223.46153846153845,188.6,266.6,13
06000,fin_de_semana,88,217.0,212.69230769230768,182.4,242.4,13
06000,fin_de_semana,89,202.0,198.92307692307693,149.4,226.4,13
06000,fin_de_semana,90,223.0,225.0,169.0,270.4,13
06000,fin_de_semana,91,186.0,204.0,172.8,284.40000000000003,13
06000,fin_de_semana,92,217.0,209.92307692307693,171.6,234.4,13
06000,fin_de_semana,93,225.0,213.53846153846155,177.4,252.20000000000002,13
06000,fin_de_semana,94,193.0,198.15384615384616,188.2,223.0,13
06000,fin_de_semana,95,211.0,211.15384615384616,181.6,240.8,13
06111,laboral,0,70.5,73.25,63.1,88.2,28
06111,laboral,1,68.5,67.17857142857143,53.7,78.6,28
06111,laboral,2,70.0,69.85714285714286,48.0,87.0,28
06111,laboral,3,73.0,71.60714285714286,56.9,86.3,28
06111,laboral,4,64.5,66.21428571428571,54.1,77.80000000000001,28
06111,laboral,5,71.0,69.57142857142857,55.5,85.6,28
06111,laboral,6,68.0,67.78571428571429,53.9,81.6,28
06111,laboral,7,63.5,64.64285714285714,47.0,82.3,28
06111,laboral,8,64.0,66.71428571428571,53.7,83.6,28
06111,laboral,9,63.0,64.89285714285714,56.4,75.3,28
06111,laboral,10,66.5,69.42857142857143,54.1,88.2,28
06111,laboral,11,69.0,69.29032258064517,55.0,83.0,31
06111,laboral,12,67.0,65.25806451612904,52.0,79.0,31
06111,laboral,13,69.0,71.09677419354838,56.0,93.0,31
06111,laboral,14,68.0,67.54838709677419,51.0,85.0,31
06111,laboral,15,76.0,75.25806451612904,57.0,91.0,31
06111,laboral,16,75.0,74.29032258064517,59.0,87.0,31
06111,laboral,17,82.0,81.16129032258064,63.0,103.0,31
06111,laboral,18,89.0,89.90322580645162,71.0,106.0,31
06111,laboral,19,109.0,102.93548387096774,82.0,118.0,31
06111,laboral,20,108.0,111.74193548387096,95.0,131.0,31
06111,laboral,21,134.0,131.29032258064515,106.0,150.0,31
06111,laboral,22,148.0,146.48387096774192,118.0,173.0,31
06111,laboral,23,175.0,183.06451612903226,147.0,234.0,31
06111,laboral,24,206.0,214.96774193548387,186.0,255.0,31
06111,laboral,25,239.0,233.19354838709677,181.0,276.0,31
06111,laboral,26,262.0,260.28125,219.6,305.1,32
06111,laboral,27,298.0,300.71875,238.2,375.6,32
06111,laboral,28,320.5,328.09375,277.0,382.5,32
06111,laboral,29,374.0,362.71875,294.7,423.3,32
06111,laboral,30,406.0,398.8125,334.6,470.0,32
06111,laboral,31,434.0,421.875,338.0,488.8,32
06111,laboral,32,409.5,411.125,339.1,455.40000000000003,32
06111,laboral,33,447.5,435.6875,360.4,521.0,32
06111,laboral,34,437.0,443.96875,378.2,512.3000000000001,32
06111,laboral,35,419.5,413.4375,352.1,460.9,32
06111,laboral,36,408.0,418.8125,368.1,481.8,32
06111,laboral,37,408.5,412.1,336.1,486.1,30
06111,laboral,38,395.5,398.03333333333336,347.5,443.7,30
06111,laboral,39,414.0,416.56666666666666,360.5,473.3,30
06111,laboral,40,406.0,407.2,340.0,471.6,30
06111,laboral,41,432.5,438.1,368.9,506.2,30
06111,laboral,42,440.5,448.96666666666664,395.6,515.6,30
06111,laboral,43,471.5,476.6666666666667,395.3,578.1,30
06111,laboral,44,468.0,481.3,404.9,566.7,30
06111,laboral,45,490.0,494.53333333333336,413.3,598.8000000000001,30
06111,laboral,46,505.0,511.3333333333333,428.7,590.5,30
06111,laboral,47,560.0,549.3333333333334,455.9,648.7,30
06111,laboral,48,580.0,589.4,483.8,712.7,30
06111,laboral,49,562.5,553.3333333333334,451.40000000000003,638.0,30
06111,laboral,50,591.5,587.8333333333334,489.2,678.5000000000001,30
06111,laboral,51,587.0,605.4666666666667,447.5,744.5000000000001,30
06111,laboral,52,624.0,614.9629629629629,482.8,763.2,27
06111,laboral,53,615.0,616.925925925926,528.8,728.0,27
06111,laboral,54,594.0,586.1111111111111,505.6,679.6,27
06111,laboral,55,553.0,547.6666666666666,450.6,648.6,27
06111,laboral,56,537.0,527.6666666666666,419.0,597.0,27
06111,laboral,57,489.0,506.77777777777777,410.0,630.0,27
06111,laboral,58,492.0,493.25925925925924,434.6,576.0000000000001,27
06111,laboral,59,422.0,432.51851851851853,367.6,499.8,27
06111,laboral,60,421.0,416.51851851851853,336.4,497.0,27
06111,laboral,61,336.0,348.8888888888889,300.4,409.40000000000003,27
06111,laboral,62,345.0,343.18518518518516,281.8,404.20000000000005,27
06111,laboral,63,320.0,328.9259259259259,265.0,409.2,27
06111,laboral,64,269.0,276.85185185185185,238.8,322.8,27
06111,laboral,65,257.0,258.1111111111111,211.0,315.6,27
06111,laboral,66,246.0,246.44444444444446,211.4,276.0,27
06111,laboral,67,241.0,241.92592592592592,207.8,273.40000000000003,27
06111,laboral,68,239.0,242.77777777777777,208.8,279.6,27
06111,laboral,69,228.0,236.03703703703704,196.8,289.2,27
06111,laboral,70,221.0,230.85185185185185,188.4,281.40000000000003,27
06111,laboral,71,260.0,258.44444444444446,211.4,305.0,27
06111,laboral,72,275.0,287.18518518518516,237.8,343.00000000000006,27
06111,laboral,73,288.0,287.962962962963,242.8,331.0,27
06111,laboral,74,299.0,299.48148148148147,258.0,341.2,27
06111,laboral,75,322.0,320.85185185185185,279.8,358.2,27
06111,laboral,76,312.0,319.6666666666667,262.4,382.20000000000005,27
06111,laboral,77,340.0,332.7037037037037,284.8,377.6,27
06111,laboral,78,336.0,332.77777777777777,294.6,373.2,27
06111,laboral,79,309.0,306.8888888888889,265.8,352.00000000000006,27
06111,laboral,80,282.0,303.44444444444446,249.2,379.40000000000003,27
06111,laboral,81,296.0,306.037037037037,269.6,349.0,27
06111,laboral,82,265.0,261.3703703703704,208.6,318.8,27
06111,laboral,83,236.0,243.2962962962963,204.8,295.8,27
06111,laboral,84,217.0,216.0,176.0,259.8,27
06111,laboral,85,212.0,201.25925925925927,155.6,232.8,27
06111,laboral,86,174.0,176.25925925925927,140.2,206.60000000000002,27
06111,laboral,87,156.0,157.85185185185185,131.8,189.0,27
06111,laboral,88,133.0,137.44444444444446,103.2,174.20000000000002,27
06111,laboral,89,117.0,115.62962962962963,103.0,131.60000000000002,27
06111,laboral,90,107.0,105.33333333333333,86.2,127.80000000000001,27
06111,laboral,91,100.0,99.92592592592592,76.4,121.2,27
06111,laboral,92,91.0,88.51851851851852,72.2,104.4,27
06111,laboral,93,71.0,72.66666666666667,55.0,94.80000000000001,27
06111,laboral,94,78.0,76.51851851851852,58.2,93.80000000000001,27
06111,laboral,95,72.0,73.4074074074074,54.6,92.20000000000002,27
06111,fin_de_semana,0,36.5,36.916666666666664,31.1,43.0,12
06111,fin_de_semana,1,34.0,33.0,24.0,45.300000000000004,12
06111,fin_de_semana,2,28.5,29.25,22.3,32.8,12
06111,fin_de_semana,3,33.0,33.583333333333336,29.0,40.6,12
06111,fin_de_semana,4,29.0,29.916666666666668,17.4,38.8,12
06111,fin_de_semana,5,32.0,32.5,24.6,39.8,12
06111,fin_de_semana,6,29.5,28.833333333333332,23.2,34.8,12
06111,fin_de_semana,7,30.0,30.5,22.3,39.5,12
06111,fin_de_semana,8,24.0,24.5,22.1,28.9,12
06111,fin_de_semana,9,27.5,30.25,23.1,39.7,12
06111,fin_de_semana,10,30.0,30.666666666666668,20.2,40.0,12
06111,fin_de_semana,11,30.0,31.166666666666668,21.4,45.5,12
06111,fin_de_semana,12,29.5,30.416666666666668,25.1,38.6,12
06111,fin_de_semana,13,29.0,29.833333333333332,28.0,32.8,12
06111,fin_de_semana,14,32.5,33.0,28.2,36.8,12
06111,fin_de_semana,15,33.0,33.833333333333336,29.0,41.7,12
06111,fin_de_semana,16,38.0,37.666666666666664,25.2,51.9,12
06111,fin_de_semana,17,41.5,42.5,32.2,56.7,12
06111,fin_de_semana,18,39.0,36.916666666666664,26.1,45.7,12
06111,fin_de_semana,19,46.5,47.5,39.2,56.8,12
06111,fin_de_semana,20,49.5,51.583333333333336,41.4,62.5,12
06111,fin_de_semana,21,63.0,63.166666666666664,52.3,77.0,12
06111,fin_de_semana,22,79.5,79.75,69.1,90.8,12
06111,fin_de_semana,23,82.0,84.5,75.1,95.9,12
06111,fin_de_semana,24,95.5,94.25,82.4,104.8,12
06111,fin_de_semana,25,121.5,121.58333333333333,101.7,143.8,12
06111,fin_de_semana,26,123.0,125.07692307692308,110.0,144.8,13
06111,fin_de_semana,27,149.0,147.84615384615384,120.6,181.6,13
06111,fin_de_semana,28,152.0,151.84615384615384,119.0,187.6,13
06111,fin_de_semana,29,180.0,182.15384615384616,139.2,229.20000000000002,13
06111,fin_de_semana,30,194.0,187.23076923076923,153.4,208.0,13
06111,fin_de_semana,31,212.0,209.84615384615384,181.4,236.6,13
06111,fin_de_semana,32,189.0,189.23076923076923,165.4,208.8,13
06111,fin_de_semana,33,201.0,199.92307692307693,171.2,227.8,13
06111,fin_de_semana,34,210.0,212.0,167.2,263.2,13
06111,fin_de_semana,35,185.0,191.15384615384616,148.0,234.0,13
06111,fin_de_semana,36,189.0,195.3846153846154,181.0,220.8,13
06111,fin_de_semana,37,205.0,198.76923076923077,161.4,225.2,13
06111,fin_de_semana,38,191.0,189.46153846153845,159.0,219.20000000000002,13
06111,fin_de_semana,39,200.0,196.6153846153846,170.4,216.8,13
06111,fin_de_semana,40,194.0,199.53846153846155,165.6,244.20000000000002,13
06111,fin_de_semana,41,216.0,207.84615384615384,166.0,247.60000000000002,13
06111,fin_de_semana,42,212.0,213.23076923076923,182.4,239.0,13
06111,fin_de_semana,43,212.0,224.3846153846154,201.8,263.00000000000006,13
06111,fin_de_semana,44,241.0,238.92307692307693,191.8,285.40000000000003,13
06111,fin_de_semana,45,249.0,245.15384615384616,206.4,273.8,13
06111,fin_de_semana,46,241.0,250.0,205.4,302.8,13
06111,fin_de_semana,47,233.0,246.53846153846155,200.2,319.0,13
06111,fin_de_semana,48,269.0,276.15384615384613,215.2,334.8,13
06111,fin_de_semana,49,276.0,265.15384615384613,210.4,302.8,13
06111,fin_de_semana,50,307.0,301.7692307692308,241.8,384.0,13
06111,fin_de_semana,51,300.0,299.61538461538464,261.2,358.0,13
06111,fin_de_semana,52,285.0,279.61538461538464,244.6,329.20000000000005,13
06111,fin_de_semana,53,295.0,285.46153846153845,218.4,349.00000000000006,13
06111,fin_de_semana,54,260.0,266.15384615384613,234.2,305.6,13
06111,fin_de_semana,55,286.0,276.61538461538464,209.0,309.2,13
06111,fin_de_semana,56,246.0,253.3846153846154,201.4,291.6,13
06111,fin_de_semana,57,243.0,238.6153846153846,205.4,275.8,13
06111,fin_de_semana,58,211.0,223.07692307692307,195.0,263.8,13
06111,fin_de_semana,59,200.0,208.30769230769232,164.6,253.8,13
06111,fin_de_semana,60,200.0,195.15384615384616,165.0,241.8,13
06111,fin_de_semana,61,163.0,159.3846153846154,129.0,186.60000000000002,13
06111,fin_de_semana,62,155.0,149.0,124.8,166.6,13
06111,fin_de_semana,63,154.0,151.84615384615384,113.8,183.60000000000002,13
06111,fin_de_semana,64,129.0,128.3846153846154,112.2,143.8,13
06111,fin_de_semana,65,122.0,121.3076923076923,101.2,134.6,13
06111,fin_de_semana,66,123.0,122.53846153846153,109.6,135.4,13
06111,fin_de_semana,67,119.0,119.46153846153847,101.2,136.8,13
06111,fin_de_semana,68,111.0,111.3076923076923,94.4,125.2,13
06111,fin_de_semana,69,120.0,118.23076923076923,104.6,131.4,13
06111,fin_de_semana,70,119.0,117.53846153846153,97.4,128.8,13
06111,fin_de_semana,71,110.0,116.15384615384616,95.8,138.2,13
06111,fin_de_semana,72,134.0,134.30769230769232,109.4,162.20000000000002,13
06111,fin_de_semana,73,132.0,130.23076923076923,109.2,143.2,13
06111,fin_de_semana,74,131.0,137.07692307692307,110.4,168.20000000000002,13
06111,fin_de_semana,75,163.0,158.84615384615384,140.2,184.2,13
06111,fin_de_semana,76,155.0,157.3846153846154,120.8,192.2,13
06111,fin_de_semana,77,172.0,161.23076923076923,129.2,182.4,13
06111,fin_de_semana,78,152.0,158.53846153846155,138.6,184.6,13
06111,fin_de_semana,79,136.0,140.84615384615384,112.4,171.2,13
06111,fin_de_semana,80,143.0,143.92307692307693,131.2,160.20000000000002,13
06111,fin_de_semana,81,133.0,138.15384615384616,117.4,166.6,13
06111,fin_de_semana,82,130.0,128.15384615384616,106.6,145.6,13
06111,fin_de_semana,83,116.0,114.07692307692308,86.0,142.4,13
06111,fin_de_semana,84,110.0,112.6923076923077,97.2,134.6,13
06111,fin_de_semana,85,88.0,92.84615384615384,76.0,117.6,13
06111,fin_de_semana,86,86.0,80.84615384615384,60.4,96.0,13
06111,fin_de_semana,87,69.0,72.3076923076923,60.2,87.8,13
06111,fin_de_semana,88,64.0,64.6923076923077,57.0,71.8,13
06111,fin_de_semana,89,58.0,56.30769230769231,41.6,65.8,13
06111,fin_de_semana,90,51.0,49.76923076923077,41.2,60.400000000000006,13
06111,fin_de_semana,91,47.0,47.53846153846154,33.4,60.0,13
06111,fin_de_semana,92,42.0,39.92307692307692,32.0,46.6,13
06111,fin_de_semana,93,36.0,36.23076923076923,24.6,46.2,13
06111,fin_de_semana,94,37.0,38.84615384615385,29.4,48.8,13
06111,fin_de_semana,95,31.0,31.76923076923077,26.0,36.6,13
07105,laboral,0,145.0,143.17857142857142,113.4,176.3,28
07105,laboral,1,129.0,130.75,103.7,157.2,28
07105,laboral,2,112.0,113.03571428571429,92.4,134.3,28
07105,laboral,3,102.0,101.53571428571429,87.9,113.0,28
07105,laboral,4,103.5,98.03571428571429,75.4,113.2,28
07105,laboral,5,87.0,87.75,69.5,106.5,28
07105,laboral,6,83.5,85.96428571428571,67.4,107.3,28
07105,laboral,7,78.5,75.85714285714286,58.0,91.9,28
07105,laboral,8,72.0,74.64285714285714,54.7,88.80000000000001,28
07105,laboral,9,80.5,81.21428571428571,61.6,96.3,28
07105,laboral,10,70.5,72.28571428571429,58.1,86.3,28
07105,laboral,11,73.0,75.54838709677419,60.0,94.0,31
07105,laboral,12,69.0,69.0,56.0,86.0,31
07105,laboral,13,66.0,67.93548387096774,57.0,84.0,31
07105,laboral,14,74.0,74.74193548387096,59.0,90.0,31
07105,laboral,15,76.0,72.3225806451613,50.0,87.0,31
07105,laboral,16,68.0,68.48387096774194,51.0,88.0,31
07105,laboral,17,72.0,73.83870967741936,59.0,90.0,31
07105,laboral,18,70.0,72.19354838709677,54.0,91.0,31
07105,laboral,19,64.0,66.2258064516129,49.0,87.0,31
07105,laboral,20,74.0,70.29032258064517,50.0,84.0,31
07105,laboral,21,68.0,69.80645161290323,59.0,84.0,31
07105,laboral,22,67.0,70.0,57.0,88.0,31
07105,laboral,23,69.0,68.96774193548387,55.0,79.0,31
07105,laboral,24,76.0,73.09677419354838,53.0,89.0,31
07105,laboral,25,72.0,72.45161290322581,57.0,91.0,31
07105,laboral,26,76.5,75.0625,60.2,90.0,32
07105,laboral,27,70.0,72.46875,59.1,92.0,32
07105,laboral,28,79.0,80.46875,65.0,95.7,32
07105,laboral,29,80.5,80.75,61.5,99.60000000000001,32
07105,laboral,30,88.0,84.5,59.0,102.80000000000001,32
07105,laboral,31,88.5,90.1875,72.2,114.30000000000001,32
07105,laboral,32,94.5,96.90625,83.0,116.9,32
07105,laboral,33,100.5,101.75,82.3,121.7,32
07105,laboral,34,106.0,109.15625,86.5,130.4,32
07105,laboral,35,116.0,119.9375,95.1,149.3,32
07105,laboral,36,133.5,130.96875,93.2,170.9,32
07105,laboral,37,144.5,142.8,114.7,166.5,30
07105,laboral,38,156.5,158.16666666666666,129.7,196.60000000000002,30
07105,laboral,39,169.0,172.8,142.0,210.10000000000002,30
07105,laboral,40,169.5,171.36666666666667,142.1,198.70000000000002,30
07105,laboral,41,196.0,195.36666666666667,159.0,233.3,30
07105,laboral,42,218.0,213.83333333333334,175.4,256.3,30
07105,laboral,43,223.5,220.13333333333333,172.9,262.20000000000005,30
07105,laboral,44,240.5,241.0,205.0,289.1,30
07105,laboral,45,242.0,256.26666666666665,198.0,329.7,30
07105,laboral,46,250.0,255.63333333333333,206.7,302.6,30
07105,laboral,47,254.5,255.63333333333333,213.6,313.2,30
07105,laboral,48,268.0,268.06666666666666,228.5,299.5,30
07105,laboral,49,259.0,264.8333333333333,226.0,324.6,30
07105,laboral,50,257.5,266.76666666666665,232.7,312.6,30
07105,laboral,51,258.0,258.56666666666666,219.0,301.7,30
07105,laboral,52,263.0,264.9259259259259,222.2,307.8,27
07105,laboral,53,239.0,247.11111111111111,202.8,300.2,27
07105,laboral,54,248.0,242.74074074074073,201.2,274.6,27
07105,laboral,55,230.0,234.88888888888889,198.2,280.8,27
07105,laboral,56,242.0,244.03703703703704,199.6,294.6,27
07105,laboral,57,225.0,232.22222222222223,188.0,275.00000000000006,27
07105,laboral,58,215.0,213.2962962962963,165.8,255.20000000000002,27
07105,laboral,59,201.0,198.22222222222223,172.0,221.4,27
07105,laboral,60,204.0,203.74074074074073,175.8,234.8,27
07105,laboral,61,205.0,205.59259259259258,159.0,247.60000000000002,27
07105,laboral,62,206.0,205.22222222222223,175.4,243.0,27
07105,laboral,63,219.0,225.03703703703704,188.8,276.6,27
07105,laboral,64,257.0,252.7037037037037,200.8,276.6,27
07105,laboral,65,252.0,259.85185185185185,208.8,321.0,27
07105,laboral,66,301.0,292.44444444444446,239.8,334.2,27
07105,laboral,67,322.0,323.25925925925924,271.8,384.20000000000005,27
07105,laboral,68,344.0,355.0,301.0,424.0,27
07105,laboral,69,400.0,399.962962962963,339.2,441.6,27
07105,laboral,70,437.0,439.51851851851853,370.4,495.8,27
07105,laboral,71,449.0,468.3703703703704,395.4,566.0,27
07105,laboral,72,510.0,516.1481481481482,429.4,608.4000000000001,27
07105,laboral,73,559.0,553.0,458.2,625.8000000000001,27
07105,laboral,74,577.0,583.9629629629629,496.0,666.2,27
07105,laboral,75,590.0,610.8518518518518,516.6,734.2,27
07105,laboral,76,627.0,618.8888888888889,514.6,722.8000000000001,27
07105,laboral,77,650.0,643.4074074074074,533.4,758.4,27
07105,laboral,78,660.0,648.074074074074,543.6,729.0,27
07105,laboral,79,628.0,647.5555555555555,556.6,743.4,27
07105,laboral,80,651.0,656.8518518518518,520.0,767.6000000000001,27
07105,laboral,81,642.0,648.6666666666666,535.8,719.6,27
07105,laboral,82,612.0,619.8518518518518,546.2,693.2,27
07105,laboral,83,561.0,566.3333333333334,451.0,702.8000000000001,27
07105,laboral,84,547.0,541.1851851851852,477.2,611.2,27
07105,laboral,85,510.0,525.7037037037037,447.4,639.2,27
07105,laboral,86,503.0,501.81481481481484,433.2,568.8000000000001,27
07105,laboral,87,448.0,440.18518518518516,369.8,496.6,27
07105,laboral,88,412.0,408.25925925925924,325.6,451.6,27
07105,laboral,89,353.0,357.44444444444446,298.8,427.0,27
07105,laboral,90,294.0,308.18518518518516,255.2,367.2,27
07105,laboral,91,285.0,279.55555555555554,219.6,345.0,27
07105,laboral,92,247.0,237.92592592592592,192.8,280.6,27
07105,laboral,93,218.0,220.77777777777777,174.6,268.4,27
07105,laboral,94,186.0,187.07407407407408,154.6,231.0,27
07105,laboral,95,157.0,163.74074074074073,132.0,196.20000000000002,27
07105,fin_de_semana,0,194.5,191.5,153.1,229.1,12
07105,fin_de_semana,1,159.5,166.66666666666666,140.4,194.5,12
07105,fin_de_semana,2,150.0,146.5,115.6,175.1,12
07105,fin_de_semana,3,119.5,128.91666666666666,103.8,162.70000000000002,12
07105,fin_de_semana,4,120.5,121.0,95.8,150.9,12
07105,fin_de_semana,5,115.5,112.66666666666667,97.0,121.9,12
07105,fin_de_semana,6,99.5,104.33333333333333,86.1,131.1,12
07105,fin_de_semana,7,101.0,105.58333333333333,92.3,124.8,12
07105,fin_de_semana,8,104.5,104.25,94.6,110.7,12
07105,fin_de_semana,9,84.0,93.66666666666667,76.1,129.9,12
07105,fin_de_semana,10,86.0,90.25,71.2,115.6,12
07105,fin_de_semana,11,89.5,89.58333333333333,77.1,100.9,12
07105,fin_de_semana,12,87.0,88.83333333333333,78.3,102.3,12
07105,fin_de_semana,13,101.5,93.75,70.0,108.8,12
07105,fin_de_semana,14,86.5,84.91666666666667,60.9,105.7,12
07105,fin_de_semana,15,97.5,94.0,79.2,106.8,12
07105,fin_de_semana,16,101.0,94.33333333333333,69.0,104.0,12
07105,fin_de_semana,17,97.0,91.75,69.5,107.9,12
07105,fin_de_semana,18,95.5,97.5,76.4,113.7,12
07105,fin_de_semana,19,96.0,95.33333333333333,75.3,112.4,12
07105,fin_de_semana,20,91.0,97.08333333333333,84.1,119.7,12
07105,fin_de_semana,21,95.0,92.41666666666667,75.1,110.3,12
07105,fin_de_semana,22,87.5,88.33333333333333,72.6,103.5,12
07105,fin_de_semana,23,92.0,88.91666666666667,73.4,104.10000000000001,12
07105,fin_de_semana,24,90.0,85.66666666666667,64.8,100.8,12
07105,fin_de_semana,25,97.0,95.5,69.8,117.4,12
07105,fin_de_semana,26,87.0,92.0,77.6,111.60000000000001,13
07105,fin_de_semana,27,95.0,95.6923076923077,69.4,120.0,13
07105,fin_de_semana,28,105.0,101.84615384615384,83.2,118.0,13
07105,fin_de_semana,29,98.0,102.53846153846153,85.2,126.60000000000001,13
07105,fin_de_semana,30,110.0,107.07692307692308,78.0,136.60000000000002,13
07105,fin_de_semana,31,113.0,112.07692307692308,88.0,132.2,13
07105,fin_de_semana,32,112.0,119.38461538461539,96.8,145.8,13
07105,fin_de_semana,33,134.0,129.23076923076923,93.8,154.20000000000002,13
07105,fin_de_semana,34,152.0,147.0,122.6,162.8,13
07105,fin_de_semana,35,150.0,148.0,124.8,173.4,13
07105,fin_de_semana,36,156.0,159.07692307692307,139.8,178.4,13
07105,fin_de_semana,37,175.0,180.53846153846155,149.4,217.0,13
07105,fin_de_semana,38,200.0,192.3846153846154,165.2,214.0,13
07105,fin_de_semana,39,207.0,211.07692307692307,160.8,264.8,13
07105,fin_de_semana,40,215.0,227.0,201.6,262.2,13
07105,fin_de_semana,41,264.0,268.3076923076923,217.2,309.6,13
07105,fin_de_semana,42,273.0,265.0769230769231,207.8,302.2,13
07105,fin_de_semana,43,276.0,282.0769230769231,247.2,350.4,13
07105,fin_de_semana,44,301.0,298.84615384615387,253.0,337.8,13
07105,fin_de_semana,45,317.0,323.3076923076923,285.8,376.20000000000005,13
07105,fin_de_semana,46,355.0,343.46153846153845,281.6,386.20000000000005,13
07105,fin_de_semana,47,332.0,334.61538461538464,276.4,410.8,13
07105,fin_de_semana,48,364.0,369.6923076923077,308.6,412.6,13
07105,fin_de_semana,49,333.0,355.15384615384613,310.0,444.80000000000007,13
07105,fin_de_semana,50,382.0,369.2307692307692,311.4,427.8,13
07105,fin_de_semana,51,316.0,329.15384615384613,263.2,434.00000000000006,13
07105,fin_de_semana,52,344.0,352.9230769230769,307.8,411.8,13
07105,fin_de_semana,53,305.0,316.61538461538464,266.4,385.6,13
07105,fin_de_semana,54,338.0,323.46153846153845,260.4,367.0,13
07105,fin_de_semana,55,317.0,306.38461538461536,245.6,359.8,13
07105,fin_de_semana,56,301.0,298.0769230769231,261.0,354.6,13
07105,fin_de_semana,57,284.0,283.9230769230769,257.0,312.4,13
07105,fin_de_semana,58,289.0,289.15384615384613,233.8,360.40000000000003,13
07105,fin_de_semana,59,299.0,302.46153846153845,239.4,360.20000000000005,13
07105,fin_de_semana,60,265.0,266.2307692307692,200.8,320.0,13
07105,fin_de_semana,61,258.0,259.61538461538464,225.6,283.6,13
07105,fin_de_semana,62,269.0,280.6923076923077,240.8,326.0,13
07105,fin_de_semana,63,298.0,308.7692307692308,246.2,358.4,13
07105,fin_de_semana,64,332.0,329.46153846153845,281.6,382.2,13
07105,fin_de_semana,65,378.0,362.3076923076923,307.4,400.6,13
07105,fin_de_semana,66,342.0,347.6923076923077,304.4,398.0,13
07105,fin_de_semana,67,414.0,428.9230769230769,364.6,499.0,13
07105,fin_de_semana,68,465.0,464.0,421.2,508.2,13
07105,fin_de_semana,69,497.0,521.9230769230769,406.4,667.4000000000001,13
07105,fin_de_semana,70,526.0,516.1538461538462,428.40000000000003,605.4000000000001,13
07105,fin_de_semana,71,623.0,636.4615384615385,519.0,780.6,13
07105,fin_de_semana,72,596.0,615.5384615384615,539.8,722.4,13
07105,fin_de_semana,73,695.0,706.0769230769231,603.0,844.6,13
07105,fin_de_semana,74,840.0,824.4615384615385,700.4,929.8,13
07105,fin_de_semana,75,794.0,814.1538461538462,724.8,904.8000000000001,13
07105,fin_de_semana,76,822.0,854.7692307692307,706.0,990.6,13
07105,fin_de_semana,77,909.0,888.1538461538462,725.8,1016.8,13
07105,fin_de_semana,78,969.0,958.3076923076923,793.8,1089.6,13
07105,fin_de_semana,79,832.0,871.5384615384615,766.6,1003.4,13
07105,fin_de_semana,80,909.0,895.9230769230769,768.6,1030.8,13
07105,fin_de_semana,81,885.0,897.4615384615385,699.2,1094.0,13
07105,fin_de_semana,82,732.0,786.0769230769231,666.0,1025.6000000000001,13
07105,fin_de_semana,83,787.0,824.0,674.2,1014.2,13
07105,fin_de_semana,84,752.0,775.9230769230769,622.4,953.4000000000001,13
07105,fin_de_semana,85,711.0,710.8461538461538,614.6,805.8,13
07105,fin_de_semana,86,658.0,637.0,517.2,731.0,13
07105,fin_de_semana,87,537.0,534.3076923076923,456.2,628.4,13
07105,fin_de_semana,88,505.0,507.3076923076923,407.0,620.0,13
07105,fin_de_semana,89,436.0,469.2307692307692,400.0,567.8000000000001,13
07105,fin_de_semana,90,404.0,416.46153846153845,375.4,458.6,13
07105,fin_de_semana,91,355.0,369.53846153846155,323.0,432.8,13
07105,fin_de_semana,92,332.0,345.84615384615387,282.2,409.4,13
07105,fin_de_semana,93,258.0,262.6923076923077,214.2,292.8,13
07105,fin_de_semana,94,251.0,247.3846153846154,214.6,279.8,13
07105,fin_de_semana,95,208.0,217.92307692307693,186.6,264.8,13
07107,laboral,0,78.0,77.85714285714286,67.4,92.2,28
07107,laboral,1,79.5,82.28571428571429,66.4,98.80000000000001,28
07107,laboral,2,74.5,77.85714285714286,59.300000000000004,102.9,28
07107,laboral,3,75.5,76.85714285714286,56.0,97.4,28
07107,laboral,4,78.5,79.35714285714286,65.2,93.3,28
07107,laboral,5,82.5,80.75,62.0,98.9,28
07107,laboral,6,77.5,76.46428571428571,57.4,93.6,28
07107,laboral,7,80.0,82.28571428571429,64.7,94.6,28
07107,laboral,8,77.0,78.53571428571429,63.1,92.0,28
07107,laboral,9,77.0,78.03571428571429,61.0,95.80000000000001,28
07107,laboral,10,77.5,80.14285714285714,65.4,97.9,28
07107,laboral,11,86.0,85.87096774193549,69.0,107.0,31
07107,laboral,12,81.0,82.96774193548387,68.0,105.0,31
07107,laboral,13,86.0,86.35483870967742,75.0,101.0,31
07107,laboral,14,92.0,92.48387096774194,74.0,111.0,31
07107,laboral,15,98.0,96.87096774193549,79.0,115.0,31
07107,laboral,16,101.0,105.09677419354838,92.0,130.0,31
07107,laboral,17,120.0,119.93548387096774,97.0,144.0,31
07107,laboral,18,133.0,136.19354838709677,110.0,172.0,31
07107,laboral,19,165.0,171.09677419354838,137.0,207.0,31
07107,laboral,20,191.0,193.6451612903226,153.0,234.0,31
07107,laboral,21,221.0,223.93548387096774,186.0,260.0,31
07107,laboral,22,252.0,256.5483870967742,209.0,313.0,31
07107,laboral,23,290.0,285.93548387096774,241.0,332.0,31
07107,laboral,24,323.0,330.8709677419355,281.0,381.0,31
07107,laboral,25,353.0,361.93548387096774,298.0,439.0,31
07107,laboral,26,390.5,396.21875,341.1,492.2000000000001,32
07107,laboral,27,435.0,445.28125,376.6,509.8,32
07107,laboral,28,478.0,472.71875,384.6,550.3000000000001,32
07107,laboral,29,502.0,499.71875,428.0,564.0000000000001,32
07107,laboral,30,499.0,491.90625,417.8,551.9,32
07107,laboral,31,485.0,485.28125,392.9,576.6,32
07107,laboral,32,508.0,506.84375,447.9,588.2,32
07107,laboral,33,518.0,511.6875,447.4,611.3000000000001,32
07107,laboral,34,481.5,487.125,433.1,559.1,32
07107,laboral,35,491.0,488.25,397.4,586.0,32
07107,laboral,36,468.0,482.0,388.5,597.7,32
07107,laboral,37,471.0,480.1,426.8,558.8,30
07107,laboral,38,500.5,500.0,442.8,577.2,30
07107,laboral,39,511.0,515.6,439.9,618.6,30
07107,laboral,40,507.0,512.6333333333333,416.90000000000003,595.8000000000001,30
07107,laboral,41,568.0,562.9666666666667,497.6,633.1,30
07107,laboral,42,586.0,580.5666666666667,474.6,675.6,30
07107,laboral,43,604.0,598.0333333333333,482.5,680.6,30
07107,laboral,44,614.5,637.5666666666667,531.0,767.3000000000001,30
07107,laboral,45,698.0,676.6333333333333,545.8,750.8000000000001,30
07107,laboral,46,665.0,651.1666666666666,578.9,753.8,30
07107,laboral,47,726.0,711.5666666666667,567.7,817.6,30
07107,laboral,48,706.0,719.6666666666666,545.5,881.8000000000001,30
07107,laboral,49,704.0,699.5,593.6,812.0,30
07107,laboral,50,732.5,713.5333333333333,589.4,824.1,30
07107,laboral,51,699.0,689.3666666666667,579.9,811.6,30
07107,laboral,52,676.0,683.8888888888889,544.8,823.4000000000001,27
07107,laboral,53,614.0,645.8148148148148,544.0,800.2,27
07107,laboral,54,608.0,614.8518518518518,499.8,740.6,27
07107,laboral,55,565.0,562.4814814814815,479.2,667.4,27
07107,laboral,56,556.0,527.5555555555555,425.0,621.4,27
07107,laboral,57,527.0,512.2962962962963,422.6,599.2,27
07107,laboral,58,442.0,449.962962962963,390.8,538.6,27
07107,laboral,59,424.0,425.962962962963,352.2,504.40000000000003,27
07107,laboral,60,372.0,373.4074074074074,295.8,436.4,27
07107,laboral,61,339.0,349.4074074074074,290.2,411.8,27
07107,laboral,62,309.0,308.22222222222223,240.2,360.8,27
07107,laboral,63,288.0,300.0740740740741,252.0,363.0,27
07107,laboral,64,298.0,292.55555555555554,253.4,323.8,27
07107,laboral,65,259.0,264.1111111111111,228.0,306.6,27
07107,laboral,66,287.0,286.5925925925926,249.8,335.20000000000005,27
07107,laboral,67,267.0,279.6666666666667,242.8,336.0,27
07107,laboral,68,298.0,296.3333333333333,236.8,360.80000000000007,27
07107,laboral,69,311.0,308.8888888888889,268.0,353.0,27
07107,laboral,70,314.0,328.8888888888889,275.0,405.40000000000003,27
07107,laboral,71,358.0,348.18518518518516,278.4,404.8,27
07107,laboral,72,369.0,366.7037037037037,308.0,416.2,27
07107,laboral,73,371.0,370.6666666666667,322.8,423.6,27
07107,laboral,74,375.0,375.85185185185185,327.0,423.0,27
07107,laboral,75,385.0,384.3333333333333,298.2,459.00000000000006,27
07107,laboral,76,374.0,386.18518518518516,303.6,472.0,27
07107,laboral,77,391.0,393.0740740740741,333.6,464.0,27
07107,laboral,78,354.0,356.962962962963,300.6,412.00000000000006,27
07107,laboral,79,329.0,328.48148148148147,263.6,386.0,27
07107,laboral,80,318.0,310.7037037037037,249.2,369.20000000000005,27
07107,laboral,81,296.0,290.0740740740741,241.2,326.40000000000003,27
07107,laboral,82,261.0,257.77777777777777,217.6,298.40000000000003,27
07107,laboral,83,228.0,229.92592592592592,186.6,275.6,27
07107,laboral,84,212.0,214.25925925925927,176.4,252.20000000000002,27
07107,laboral,85,182.0,182.11111111111111,146.0,221.60000000000002,27
07107,laboral,86,152.0,149.74074074074073,129.0,176.4,27
07107,laboral,87,135.0,137.37037037037038,121.2,154.8,27
07107,laboral,88,131.0,129.66666666666666,106.2,153.20000000000002,27
07107,laboral,89,109.0,108.77777777777777,81.6,132.0,27
07107,laboral,90,103.0,105.03703703703704,80.6,131.0,27
07107,laboral,91,94.0,92.07407407407408,75.8,107.20000000000003,27
07107,laboral,92,88.0,90.44444444444444,70.2,118.80000000000001,27
07107,laboral,93,88.0,87.88888888888889,73.4,103.60000000000001,27
07107,laboral,94,87.0,82.77777777777777,62.0,100.4,27
07107,laboral,95,79.0,79.07407407407408,60.4,100.4,27
07107,fin_de_semana,0,37.0,37.75,33.0,47.6,12
07107,fin_de_semana,1,36.0,36.0,29.0,42.9,12
07107,fin_de_semana,2,36.0,36.416666666666664,27.3,44.0,12
07107,fin_de_semana,3,38.0,37.083333333333336,30.4,41.8,12
07107,fin_de_semana,4,38.0,36.666666666666664,27.0,46.7,12
07107,fin_de_semana,5,33.0,34.25,27.1,42.7,12
07107,fin_de_semana,6,34.5,36.25,30.1,44.9,12
07107,fin_de_semana,7,31.0,32.083333333333336,25.1,39.6,12
07107,fin_de_semana,8,31.0,32.75,24.1,45.6,12
07107,fin_de_semana,9,34.5,35.416666666666664,31.1,42.7,12
07107,fin_de_semana,10,35.0,36.333333333333336,32.0,48.1,12
07107,fin_de_semana,11,39.0,39.25,31.2,48.6,12
07107,fin_de_semana,12,39.0,40.166666666666664,35.1,47.7,12
07107,fin_de_semana,13,42.0,40.75,34.0,49.0,12
07107,fin_de_semana,14,37.5,38.666666666666664,30.0,51.7,12
07107,fin_de_semana,15,44.0,45.25,40.0,54.9,12
07107,fin_de_semana,16,55.0,52.166666666666664,38.4,62.0,12
07107,fin_de_semana,17,58.5,61.25,50.1,79.80000000000001,12
07107,fin_de_semana,18,61.0,61.083333333333336,51.2,73.6,12
07107,fin_de_semana,19,77.5,76.16666666666667,57.2,93.4,12
07107,fin_de_semana,20,84.0,83.83333333333333,74.3,96.3,12
07107,fin_de_semana,21,110.0,106.83333333333333,86.1,115.8,12
07107,fin_de_semana,22,118.0,118.41666666666667,101.4,132.7,12
07107,fin_de_semana,23,145.5,136.75,97.60000000000001,159.5,12
07107,fin_de_semana,24,159.5,157.41666666666666,133.1,183.1,12
07107,fin_de_semana,25,192.0,190.66666666666666,168.4,211.9,12
07107,fin_de_semana,26,190.0,194.07692307692307,162.4,223.0,13
07107,fin_de_semana,27,198.0,198.53846153846155,179.4,233.00000000000003,13
07107,fin_de_semana,28,221.0,220.30769230769232,180.4,262.0,13
07107,fin_de_semana,29,218.0,219.0,187.0,246.20000000000002,13
07107,fin_de_semana,30,236.0,237.53846153846155,222.0,251.0,13
07107,fin_de_semana,31,241.0,246.53846153846155,206.8,289.8,13
07107,fin_de_semana,32,230.0,237.53846153846155,213.4,264.4,13
07107,fin_de_semana,33,220.0,220.76923076923077,188.6,243.6,13
07107,fin_de_semana,34,241.0,240.0,212.0,268.4,13
07107,fin_de_semana,35,228.0,234.69230769230768,189.0,283.8,13
07107,fin_de_semana,36,215.0,216.53846153846155,185.8,246.6,13
07107,fin_de_semana,37,222.0,231.6153846153846,180.0,284.0,13
07107,fin_de_semana,38,226.0,234.23076923076923,205.0,266.0,13
07107,fin_de_semana,39,255.0,244.69230769230768,184.0,300.0,13
07107,fin_de_semana,40,261.0,269.3076923076923,231.8,298.0,13
07107,fin_de_semana,41,269.0,258.15384615384613,211.2,302.2,13
07107,fin_de_semana,42,298.0,289.38461538461536,251.0,342.6,13
07107,fin_de_semana,43,284.0,291.84615384615387,237.2,350.0,13
07107,fin_de_semana,44,301.0,301.61538461538464,256.4,356.8,13
07107,fin_de_semana,45,312.0,319.6923076923077,261.6,361.8,13
07107,fin_de_semana,46,317.0,314.61538461538464,279.2,346.6,13
07107,fin_de_semana,47,331.0,326.7692307692308,275.2,380.2,13
07107,fin_de_semana,48,328.0,342.38461538461536,310.6,411.2,13
07107,fin_de_semana,49,346.0,360.84615384615387,303.40000000000003,423.4,13
07107,fin_de_semana,50,330.0,337.15384615384613,293.4,387.0,13
07107,fin_de_semana,51,325.0,321.15384615384613,260.4,395.8,13
07107,fin_de_semana,52,317.0,308.84615384615387,261.4,359.0,13
07107,fin_de_semana,53,301.0,316.3076923076923,290.4,371.80000000000007,13
07107,fin_de_semana,54,318.0,321.84615384615387,259.0,378.6,13
07107,fin_de_semana,55,289.0,298.0769230769231,269.6,329.8,13
07107,fin_de_semana,56,281.0,264.15384615384613,203.8,300.4,13
07107,fin_de_semana,57,238.0,234.0,203.2,269.0,13
07107,fin_de_semana,58,217.0,208.23076923076923,160.0,231.8,13
07107,fin_de_semana,59,211.0,214.07692307692307,168.6,255.0,13
07107,fin_de_semana,60,179.0,183.69230769230768,165.4,205.0,13
07107,fin_de_semana,61,175.0,175.53846153846155,152.6,207.8,13
07107,fin_de_semana,62,163.0,162.30769230769232,130.4,183.4,13
07107,fin_de_semana,63,138.0,143.3846153846154,126.0,161.0,13
07107,fin_de_semana,64,135.0,140.07692307692307,122.6,159.6,13
07107,fin_de_semana,65,137.0,134.6153846153846,110.2,156.8,13
07107,fin_de_semana,66,127.0,135.07692307692307,111.8,165.4,13
07107,fin_de_semana,67,134.0,140.76923076923077,119.0,170.6,13
07107,fin_de_semana,68,135.0,141.6153846153846,114.2,173.20000000000002,13
07107,fin_de_semana,69,151.0,150.6153846153846,131.6,175.4,13
07107,fin_de_semana,70,154.0,154.92307692307693,133.8,171.8,13
07107,fin_de_semana,71,164.0,159.84615384615384,132.8,177.4,13
07107,fin_de_semana,72,167.0,167.46153846153845,139.8,197.4,13
07107,fin_de_semana,73,181.0,183.76923076923077,158.6,208.8,13
07107,fin_de_semana,74,204.0,201.15384615384616,160.8,229.6,13
07107,fin_de_semana,75,169.0,181.92307692307693,138.2,227.4,13
07107,fin_de_semana,76,182.0,186.76923076923077,139.2,229.8,13
07107,fin_de_semana,77,163.0,166.76923076923077,141.4,209.2,13
07107,fin_de_semana,78,178.0,172.15384615384616,138.2,201.0,13
07107,fin_de_semana,79,158.0,157.84615384615384,118.4,195.8,13
07107,fin_de_semana,80,140.0,142.0,116.8,162.8,13
07107,fin_de_semana,81,136.0,130.23076923076923,111.2,143.8,13
07107,fin_de_semana,82,117.0,117.15384615384616,99.6,136.2,13
07107,fin_de_semana,83,110.0,112.53846153846153,88.0,141.20000000000002,13
07107,fin_de_semana,84,99.0,93.0,70.6,110.8,13
07107,fin_de_semana,85,87.0,84.3076923076923,75.4,96.6,13
07107,fin_de_semana,86,74.0,75.38461538461539,58.6,89.2,13
07107,fin_de_semana,87,65.0,64.61538461538461,49.0,77.8,13
07107,fin_de_semana,88,52.0,54.69230769230769,41.8,69.4,13
07107,fin_de_semana,89,51.0,47.92307692307692,38.2,58.2,13
07107,fin_de_semana,90,49.0,48.61538461538461,42.2,56.8,13
07107,fin_de_semana,91,46.0,45.23076923076923,37.2,51.8,13
07107,fin_de_semana,92,39.0,41.46153846153846,31.6,56.60000000000001,13
07107,fin_de_semana,93,41.0,41.38461538461539,30.0,56.400000000000006,13
07107,fin_de_semana,94,39.0,40.38461538461539,34.0,47.6,13
07107,fin_de_semana,95,39.0,39.38461538461539,27.200000000000003,47.0,13
07111,laboral,0,317.5,321.35714285714283,249.4,389.2,28
07111,laboral,1,339.5,341.25,285.1,400.9,28
07111,laboral,2,322.0,332.82142857142856,281.0,399.2,28
07111,laboral,3,341.5,337.5357142857143,261.7,413.4,28
07111,laboral,4,329.5,340.82142857142856,282.7,410.6,28
07111,laboral,5,329.0,335.32142857142856,283.0,390.3,28
07111,laboral,6,336.0,337.67857142857144,291.8,389.4,28
07111,laboral,7,339.0,343.07142857142856,281.3,411.6,28
07111,laboral,8,338.5,345.67857142857144,295.8,402.0,28
07111,laboral,9,323.5,331.39285714285717,273.9,406.2,28
07111,laboral,10,333.0,329.92857142857144,276.1,375.8,28
07111,laboral,11,351.0,357.1290322580645,307.0,428.0,31
07111,laboral,12,384.0,388.80645161290323,337.0,470.0,31
07111,laboral,13,357.0,365.03225806451616,312.0,438.0,31
07111,laboral,14,404.0,394.83870967741933,320.0,451.0,31
07111,laboral,15,405.0,412.0,314.0,488.0,31
07111,laboral,16,467.0,470.2258064516129,420.0,517.0,31
07111,laboral,17,543.0,555.0645161290323,451.0,680.0,31
07111,laboral,18,613.0,612.0322580645161,493.0,721.0,31
07111,laboral,19,712.0,723.3225806451613,602.0,832.0,31
07111,laboral,20,866.0,857.5483870967741,717.0,1008.0,31
07111,laboral,21,947.0,950.8064516129032,796.0,1083.0,31
07111,laboral,22,1132.0,1130.1290322580646,910.0,1388.0,31
07111,laboral,23,1332.0,1330.0,1078.0,1601.0,31
07111,laboral,24,1432.0,1449.741935483871,1248.0,1634.0,31
07111,laboral,25,1617.0,1570.3225806451612,1265.0,1803.0,31
07111,laboral,26,1659.0,1631.25,1386.1,1899.3,32
07111,laboral,27,1637.5,1665.6875,1349.4,2004.5,32
07111,laboral,28,1689.5,1697.5,1472.2,2067.8,32
07111,laboral,29,1627.0,1634.03125,1334.6,1956.5,32
07111,laboral,30,1454.5,1470.5,1200.9,1734.2000000000003,32
07111,laboral,31,1329.5,1413.03125,1144.5,1746.3,32
07111,laboral,32,1320.5,1333.0,1121.4,1658.9,32
07111,laboral,33,1089.0,1096.75,912.6,1292.8000000000002,32
07111,laboral,34,970.5,954.375,764.7,1113.5000000000002,32
07111,laboral,35,804.0,810.28125,696.6,927.3000000000001,32
07111,laboral,36,715.0,726.875,599.5,843.1000000000001,32
07111,laboral,37,616.0,620.4,503.4,723.4,30
07111,laboral,38,555.5,554.3333333333334,464.7,663.5,30
07111,laboral,39,465.5,461.6333333333333,355.90000000000003,565.4000000000001,30
07111,laboral,40,410.0,411.8666666666667,353.7,511.0,30
07111,laboral,41,383.0,387.1,331.5,460.3,30
07111,laboral,42,375.0,373.03333333333336,317.7,412.0,30
07111,laboral,43,374.0,374.6,310.7,431.3,30
07111,laboral,44,343.5,336.43333333333334,271.1,380.70000000000005,30
07111,laboral,45,352.0,352.0,298.4,401.2,30
07111,laboral,46,312.0,328.23333333333335,282.0,399.7,30
07111,laboral,47,327.0,334.1333333333333,281.2,388.90000000000003,30
07111,laboral,48,338.5,340.5,273.4,384.40000000000003,30
07111,laboral,49,340.0,337.9,288.7,413.0,30
07111,laboral,50,361.0,357.1666666666667,304.6,415.3,30
07111,laboral,51,356.5,361.6666666666667,305.7,414.90000000000003,30
07111,laboral,52,351.0,342.18518518518516,289.4,378.4,27
07111,laboral,53,363.0,375.25925925925924,320.0,465.0,27
07111,laboral,54,360.0,369.4074074074074,290.4,444.6,27
07111,laboral,55,392.0,398.6296296296296,328.4,460.40000000000003,27
07111,laboral,56,415.0,420.25925925925924,336.6,521.8000000000001,27
07111,laboral,57,504.0,487.44444444444446,387.2,575.8000000000001,27
07111,laboral,58,505.0,523.7777777777778,423.4,622.8000000000001,27
07111,laboral,59,606.0,633.7407407407408,552.6,756.0000000000001,27
07111,laboral,60,717.0,690.8518518518518,549.6,793.8,27
07111,laboral,61,784.0,786.1481481481482,659.4,915.8000000000001,27
07111,laboral,62,907.0,904.4444444444445,808.0,1007.4000000000001,27
07111,laboral,63,1072.0,1079.111111111111,918.8,1274.4,27
07111,laboral,64,1175.0,1184.962962962963,1010.2,1409.4,27
07111,laboral,65,1337.0,1309.7777777777778,945.0,1549.2,27
07111,laboral,66,1462.0,1482.0740740740741,1227.6,1739.6000000000001,27
07111,laboral,67,1586.0,1572.2962962962963,1337.8,1796.8000000000002,27
07111,laboral,68,1560.0,1565.9259259259259,1368.0,1781.2,27
07111,laboral,69,1729.0,1720.8148148148148,1463.2,1995.2,27
07111,laboral,70,1664.0,1642.4814814814815,1368.8,1918.0000000000002,27
07111,laboral,71,1532.0,1563.4074074074074,1373.2,1811.8,27
07111,laboral,72,1475.0,1467.148148148148,1171.0,1757.8,27
07111,laboral,73,1372.0,1366.2222222222222,1179.6,1603.4,27
07111,laboral,74,1202.0,1239.2962962962963,1065.8,1456.4,27
07111,laboral,75,1071.0,1072.888888888889,912.8,1207.8,27
07111,laboral,76,949.0,989.925925925926,832.0,1196.6,27
07111,laboral,77,865.0,858.3703703703703,721.6,1021.2,27
07111,laboral,78,703.0,727.2962962962963,608.0,848.2,27
07111,laboral,79,609.0,613.2962962962963,523.8,720.8000000000001,27
07111,laboral,80,508.0,522.7777777777778,439.6,617.4,27
07111,laboral,81,504.0,510.81481481481484,433.4,585.0,27
07111,laboral,82,419.0,439.4074074074074,354.2,549.2,27
07111,laboral,83,427.0,430.44444444444446,359.2,512.2,27
07111,laboral,84,364.0,383.81481481481484,303.2,482.40000000000003,27
07111,laboral,85,355.0,356.6666666666667,306.0,413.40000000000003,27
07111,laboral,86,330.0,332.44444444444446,262.6,389.8,27
07111,laboral,87,359.0,346.037037037037,282.4,398.00000000000006,27
07111,laboral,88,333.0,349.0,300.6,416.4000000000001,27
07111,laboral,89,334.0,340.85185185185185,291.6,398.6,27
07111,laboral,90,332.0,337.1111111111111,289.0,391.40000000000003,27
07111,laboral,91,334.0,332.3333333333333,274.6,388.8,27
07111,laboral,92,337.0,339.9259259259259,283.0,385.8,27
07111,laboral,93,333.0,322.962962962963,264.0,374.00000000000006,27
07111,laboral,94,315.0,315.962962962963,270.6,350.8,27
07111,laboral,95,322.0,331.1111111111111,280.2,382.40000000000003,27
07111,fin_de_semana,0,278.5,273.8333333333333,213.2,295.8,12
07111,fin_de_semana,1,277.0,277.0,232.1,322.9,12
07111,fin_de_semana,2,262.5,265.6666666666667,216.2,309.4,12
07111,fin_de_semana,3,298.0,284.5833333333333,244.7,315.9,12
07111,fin_de_semana,4,238.5,242.66666666666666,226.3,264.8,12
07111,fin_de_semana,5,277.0,288.6666666666667,239.0,345.4,12
07111,fin_de_semana,6,264.5,272.0833333333333,211.4,320.2,12
07111,fin_de_semana,7,264.0,260.9166666666667,245.1,278.9,12
07111,fin_de_semana,8,286.5,281.9166666666667,245.4,329.1,12
07111,fin_de_semana,9,291.5,287.25,253.7,310.5,12
07111,fin_de_semana,10,264.0,274.5833333333333,234.5,327.5,12
07111,fin_de_semana,11,283.5,290.6666666666667,252.0,350.7,12
07111,fin_de_semana,12,298.0,308.6666666666667,258.2,358.4,12
07111,fin_de_semana,13,295.0,306.25,264.8,358.5,12
07111,fin_de_semana,14,320.5,316.5833333333333,264.6,365.1,12
07111,fin_de_semana,15,355.5,347.9166666666667,268.4,426.5,12
07111,fin_de_semana,16,338.0,357.9166666666667,286.8,449.3,12
07111,fin_de_semana,17,423.5,429.1666666666667,377.4,493.6,12
07111,fin_de_semana,18,489.5,499.25,440.1,570.9,12
07111,fin_de_semana,19,579.5,587.4166666666666,511.8,666.4,12
07111,fin_de_semana,20,653.0,670.8333333333334,604.4,771.7,12
07111,fin_de_semana,21,816.5,821.3333333333334,733.2,919.1,12
07111,fin_de_semana,22,865.5,865.0,747.6,974.8,12
07111,fin_de_semana,23,1054.5,1034.4166666666667,902.2,1158.4,12
07111,fin_de_semana,24,1165.0,1179.6666666666667,1065.1,1346.6000000000001,12
07111,fin_de_semana,25,1178.0,1221.3333333333333,1102.6,1420.1000000000001,12
07111,fin_de_semana,26,1431.0,1447.7692307692307,1170.0,1798.6000000000001,13
07111,fin_de_semana,27,1405.0,1437.4615384615386,1190.8,1655.8000000000002,13
07111,fin_de_semana,28,1252.0,1333.2307692307693,1108.0,1582.0,13
07111,fin_de_semana,29,1325.0,1282.0,1072.0,1432.2,13
07111,fin_de_semana,30,1193.0,1215.7692307692307,1110.6,1362.2,13
07111,fin_de_semana,31,1152.0,1129.3076923076924,934.0,1258.6,13
07111,fin_de_semana,32,1042.0,1024.5384615384614,953.6,1066.8,13
07111,fin_de_semana,33,1013.0,965.0,835.2,1067.4,13
07111,fin_de_semana,34,902.0,887.6153846153846,734.8,1046.0,13
07111,fin_de_semana,35,701.0,689.7692307692307,561.2,799.4,13
07111,fin_de_semana,36,583.0,576.6923076923077,500.6,659.8000000000001,13
07111,fin_de_semana,37,497.0,512.4615384615385,455.8,588.6,13
07111,fin_de_semana,38,409.0,413.7692307692308,357.0,479.20000000000005,13
07111,fin_de_semana,39,385.0,380.38461538461536,330.6,422.6,13
07111,fin_de_semana,40,365.0,357.61538461538464,288.4,430.8,13
07111,fin_de_semana,41,337.0,328.15384615384613,241.0,393.4,13
07111,fin_de_semana,42,304.0,305.2307692307692,255.2,337.8,13
07111,fin_de_semana,43,289.0,296.2307692307692,260.2,335.2,13
07111,fin_de_semana,44,265.0,286.53846153846155,245.0,343.6,13
07111,fin_de_semana,45,275.0,290.2307692307692,238.2,371.00000000000006,13
07111,fin_de_semana,46,289.0,279.2307692307692,238.4,334.8,13
07111,fin_de_semana,47,273.0,265.15384615384613,243.8,290.0,13
07111,fin_de_semana,48,265.0,266.53846153846155,209.8,335.6,13
07111,fin_de_semana,49,265.0,271.9230769230769,230.0,326.8,13
07111,fin_de_semana,50,269.0,272.9230769230769,230.6,326.20000000000005,13
07111,fin_de_semana,51,299.0,290.9230769230769,239.8,326.0,13
07111,fin_de_semana,52,273.0,268.38461538461536,227.20000000000002,322.00000000000006,13
07111,fin_de_semana,53,304.0,295.53846153846155,241.6,332.6,13
07111,fin_de_semana,54,303.0,311.15384615384613,257.0,371.8,13
07111,fin_de_semana,55,302.0,324.2307692307692,263.6,393.20000000000005,13
07111,fin_de_semana,56,364.0,376.9230769230769,326.6,446.6,13
07111,fin_de_semana,57,399.0,402.38461538461536,345.2,454.6,13
07111,fin_de_semana,58,453.0,436.84615384615387,335.0,497.0,13
07111,fin_de_semana,59,483.0,490.15384615384613,430.8,556.4,13
07111,fin_de_semana,60,601.0,584.2307692307693,466.40000000000003,683.8,13
07111,fin_de_semana,61,644.0,660.7692307692307,594.2,759.2,13
07111,fin_de_semana,62,738.0,750.2307692307693,645.4,854.0,13
07111,fin_de_semana,63,824.0,853.8461538461538,749.8,1019.4000000000001,13
07111,fin_de_semana,64,976.0,994.5384615384615,884.6,1137.6000000000001,13
07111,fin_de_semana,65,1169.0,1138.7692307692307,963.8000000000001,1297.2,13
07111,fin_de_semana,66,1213.0,1230.923076923077,1047.6,1461.2,13
07111,fin_de_semana,67,1329.0,1320.3076923076924,1151.0,1438.8,13
07111,fin_de_semana,68,1277.0,1266.0,1122.2,1394.4,13
07111,fin_de_semana,69,1260.0,1331.2307692307693,1074.8,1723.8,13
07111,fin_de_semana,70,1251.0,1281.7692307692307,1080.2,1513.8,13
07111,fin_de_semana,71,1367.0,1398.076923076923,1213.0,1580.4,13
07111,fin_de_semana,72,1210.0,1235.3076923076924,1137.0,1372.0,13
07111,fin_de_semana,73,1189.0,1209.4615384615386,1088.8,1385.0,13
07111,fin_de_semana,74,1028.0,1007.3076923076923,924.4,1140.6000000000001,13
07111,fin_de_semana,75,843.0,890.0,781.0,1103.2,13
07111,fin_de_semana,76,777.0,782.2307692307693,694.2,888.6,13
07111,fin_de_semana,77,734.0,712.4615384615385,590.2,816.4000000000001,13
07111,fin_de_semana,78,636.0,626.3076923076923,547.8,678.4,13
07111,fin_de_semana,79,475.0,488.46153846153845,419.0,547.6,13
07111,fin_de_semana,80,436.0,445.7692307692308,371.8,497.8,13
07111,fin_de_semana,81,418.0,408.0,356.6,455.8,13
07111,fin_de_semana,82,394.0,367.0769230769231,281.0,422.0,13
07111,fin_de_semana,83,337.0,345.15384615384613,264.2,428.6,13
07111,fin_de_semana,84,303.0,308.53846153846155,229.0,413.20000000000005,13
07111,fin_de_semana,85,323.0,322.84615384615387,283.4,377.8,13
07111,fin_de_semana,86,299.0,295.38461538461536,253.8,344.8,13
07111,fin_de_semana,87,265.0,263.84615384615387,226.2,298.6,13
07111,fin_de_semana,88,279.0,285.2307692307692,263.2,323.20000000000005,13
07111,fin_de_semana,89,277.0,279.0769230769231,229.20000000000002,347.6,13
07111,fin_de_semana,90,254.0,262.15384615384613,209.20000000000002,332.2,13
07111,fin_de_semana,91,271.0,278.38461538461536,241.2,328.2,13
07111,fin_de_semana,92,264.0,265.53846153846155,224.6,308.2,13
07111,fin_de_semana,93,273.0,287.0,226.8,347.4,13
07111,fin_de_semana,94,274.0,270.0,226.6,312.40000000000003,13
07111,fin_de_semana,95,278.0,281.61538461538464,261.2,321.2,13
09000,laboral,0,81.0,83.35714285714286,68.4,102.9,28
09000,laboral,1,83.0,84.82142857142857,65.4,105.3,28
09000,laboral,2,84.5,85.07142857142857,72.4,100.10000000000001,28
09000,laboral,3,82.5,81.03571428571429,66.7,96.6,28
09000,laboral,4,88.0,85.03571428571429,68.0,105.6,28
09000,laboral,5,86.0,85.60714285714286,74.0,97.3,28
09000,laboral,6,85.5,85.46428571428571,67.1,102.9,28
09000,laboral,7,84.5,85.07142857142857,66.3,103.3,28
09000,laboral,8,78.0,80.92857142857143,63.0,101.3,28
09000,laboral,9,87.5,90.28571428571429,73.1,107.80000000000001,28
09000,laboral,10,95.0,93.67857142857143,77.0,114.9,28
09000,laboral,11,97.0,94.54838709677419,76.0,108.0,31
09000,laboral,12,101.0,102.7741935483871,85.0,123.0,31
09000,laboral,13,106.0,107.7741935483871,87.0,127.0,31
09000,laboral,14,127.0,129.0,111.0,148.0,31
09000,laboral,15,153.0,156.96774193548387,128.0,187.0,31
09000,laboral,16,199.0,203.06451612903226,153.0,247.0,31
09000,laboral,17,237.0,243.25806451612902,198.0,293.0,31
09000,laboral,18,325.0,315.5483870967742,264.0,370.0,31
09000,laboral,19,399.0,401.3225806451613,335.0,465.0,31
09000,laboral,20,465.0,479.7096774193548,400.0,586.0,31
09000,laboral,21,565.0,580.1290322580645,482.0,688.0,31
09000,laboral,22,641.0,651.9354838709677,561.0,748.0,31
09000,laboral,23,709.0,735.9032258064516,642.0,854.0,31
09000,laboral,24,770.0,777.483870967742,645.0,961.0,31
09000,laboral,25,778.0,772.2903225806451,632.0,891.0,31
09000,laboral,26,775.5,765.75,619.0,864.0,32
09000,laboral,27,728.5,718.625,613.7,849.3000000000001,32
09000,laboral,28,616.5,625.4375,527.8,734.9,32
09000,laboral,29,514.0,529.4375,461.5,580.9,32
09000,laboral,30,435.0,441.4375,376.2,508.90000000000003,32
09000,laboral,31,375.0,374.71875,324.4,444.20000000000005,32
09000,laboral,32,298.0,299.0,262.5,338.90000000000003,32
09000,laboral,33,223.5,229.75,185.2,275.7,32
09000,laboral,34,174.5,170.75,126.3,214.90000000000003,32
09000,laboral,35,135.5,142.5625,117.2,168.0,32
09000,laboral,36,113.5,114.71875,93.0,137.9,32
09000,laboral,37,106.5,107.36666666666666,81.7,133.60000000000002,30
09000,laboral,38,91.5,89.33333333333333,71.9,105.1,30
09000,laboral,39,94.0,94.36666666666666,73.7,115.60000000000001,30
09000,laboral,40,82.0,83.3,69.8,98.60000000000001,30
09000,laboral,41,88.5,86.8,68.8,104.2,30
09000,laboral,42,83.0,86.96666666666667,68.0,110.1,30
09000,laboral,43,82.5,84.76666666666667,65.4,103.70000000000002,30
09000,laboral,44,84.5,84.73333333333333,62.9,103.2,30
09000,laboral,45,86.0,84.96666666666667,65.9,102.1,30
09000,laboral,46,75.0,81.8,68.0,103.1,30
09000,laboral,47,87.5,87.0,61.5,108.2,30
09000,laboral,48,83.5,84.03333333333333,65.6,101.1,30
09000,laboral,49,88.5,90.2,70.9,115.9,30
09000,laboral,50,87.5,89.16666666666667,76.9,106.0,30
09000,laboral,51,90.5,89.83333333333333,69.7,107.4,30
09000,laboral,52,91.0,89.92592592592592,73.0,104.2,27
09000,laboral,53,98.0,98.07407407407408,77.6,121.80000000000001,27
09000,laboral,54,104.0,102.85185185185185,83.2,118.0,27
09000,laboral,55,113.0,110.37037037037037,90.6,127.80000000000001,27
09000,laboral,56,113.0,113.14814814814815,85.2,137.20000000000002,27
09000,laboral,57,136.0,130.7037037037037,111.0,151.0,27
09000,laboral,58,149.0,147.55555555555554,118.4,174.0,27
09000,laboral,59,162.0,164.59259259259258,142.6,200.0,27
09000,laboral,60,188.0,191.92592592592592,150.8,235.8,27
09000,laboral,61,203.0,209.1851851851852,175.2,260.2,27
09000,laboral,62,236.0,235.44444444444446,175.6,282.8,27
09000,laboral,63,266.0,267.51851851851853,217.6,333.6,27
09000,laboral,64,296.0,297.48148148148147,239.8,369.8,27
09000,laboral,65,350.0,343.9259259259259,275.6,393.6,27
09000,laboral,66,354.0,348.74074074074076,297.4,401.6,27
09000,laboral,67,370.0,373.962962962963,315.6,431.6,27
09000,laboral,68,410.0,413.037037037037,335.8,494.00000000000006,27
09000,laboral,69,445.0,433.44444444444446,336.8,513.4000000000001,27
09000,laboral,70,429.0,434.44444444444446,353.2,514.4,27
09000,laboral,71,433.0,431.1111111111111,366.0,493.4,27
09000,laboral,72,409.0,412.44444444444446,357.8,473.20000000000005,27
09000,laboral,73,409.0,410.48148148148147,355.4,471.00000000000006,27
09000,laboral,74,388.0,376.81481481481484,294.4,452.20000000000005,27
09000,laboral,75,366.0,355.25925925925924,301.8,399.40000000000003,27
09000,laboral,76,332.0,339.0740740740741,297.0,385.0,27
09000,laboral,77,271.0,291.48148148148147,244.2,357.0,27
09000,laboral,78,260.0,271.9259259259259,229.4,322.6,27
09000,laboral,79,236.0,236.25925925925927,180.8,304.6,27
09000,laboral,80,213.0,207.2962962962963,166.2,237.4,27
09000,laboral,81,187.0,186.22222222222223,145.0,220.4,27
09000,laboral,82,159.0,166.59259259259258,129.8,218.8,27
09000,laboral,83,141.0,142.7037037037037,115.2,176.20000000000002,27
09000,laboral,84,128.0,131.66666666666666,110.4,157.4,27
09000,laboral,85,121.0,122.37037037037037,90.2,148.60000000000002,27
09000,laboral,86,105.0,109.4074074074074,88.6,134.60000000000002,27
09000,laboral,87,108.0,106.70370370370371,87.8,124.00000000000003,27
09000,laboral,88,94.0,95.85185185185185,76.2,116.20000000000002,27
09000,laboral,89,97.0,96.62962962962963,83.2,107.0,27
09000,laboral,90,88.0,90.18518518518519,77.6,106.4,27
09000,laboral,91,86.0,88.22222222222223,66.8,107.4,27
09000,laboral,92,84.0,87.85185185185185,68.8,114.0,27
09000,laboral,93,84.0,84.5925925925926,69.8,103.0,27
09000,laboral,94,89.0,88.07407407407408,74.4,103.2,27
09000,laboral,95,82.0,83.37037037037037,70.6,102.4,27
09000,fin_de_semana,0,69.5,69.16666666666667,49.8,90.0,12
09000,fin_de_semana,1,68.5,69.66666666666667,56.8,75.7,12
09000,fin_de_semana,2,65.5,68.25,57.0,80.5,12
09000,fin_de_semana,3,65.0,67.41666666666667,42.9,89.5,12
09000,fin_de_semana,4,79.5,79.0,64.2,93.3,12
09000,fin_de_semana,5,64.0,67.5,52.3,87.60000000000001,12
09000,fin_de_semana,6,71.0,71.08333333333333,51.2,92.2,12
09000,fin_de_semana,7,61.5,69.0,53.1,93.0,12
09000,fin_de_semana,8,63.0,65.83333333333333,49.2,82.7,12
09000,fin_de_semana,9,63.5,65.83333333333333,52.3,89.0,12
09000,fin_de_semana,10,67.5,69.58333333333333,60.3,87.10000000000001,12
09000,fin_de_semana,11,66.0,65.66666666666667,56.1,74.0,12
09000,fin_de_semana,12,76.0,81.83333333333333,67.3,107.4,12
09000,fin_de_semana,13,88.5,90.33333333333333,79.0,100.0,12
09000,fin_de_semana,14,107.0,104.58333333333333,79.4,126.3,12
09000,fin_de_semana,15,124.0,129.33333333333334,113.1,147.7,12
09000,fin_de_semana,16,176.5,169.58333333333334,136.1,203.8,12
09000,fin_de_semana,17,179.5,181.66666666666666,149.3,216.5,12
09000,fin_de_semana,18,261.5,263.1666666666667,217.2,304.5,12
09000,fin_de_semana,19,355.5,370.3333333333333,294.5,486.8,12
09000,fin_de_semana,20,386.5,407.75,328.1,512.0,12
09000,fin_de_semana,21,469.0,490.0833333333333,437.1,562.6,12
09000,fin_de_semana,22,554.0,547.5,465.5,612.6,12
09000,fin_de_semana,23,585.5,571.0,508.7,620.3,12
09000,fin_de_semana,24,630.0,625.3333333333334,557.3,724.9,12
09000,fin_de_semana,25,620.0,621.5,554.9,728.2,12
09000,fin_de_semana,26,639.0,630.4615384615385,533.0,743.4,13
09000,fin_de_semana,27,600.0,592.0769230769231,517.4,663.4,13
09000,fin_de_semana,28,518.0,548.6923076923077,479.6,643.2,13
09000,fin_de_semana,29,452.0,456.46153846153845,403.4,514.6,13
09000,fin_de_semana,30,405.0,386.2307692307692,302.2,442.6,13
09000,fin_de_semana,31,299.0,306.0769230769231,238.0,358.0,13
09000,fin_de_semana,32,243.0,243.15384615384616,214.2,268.2,13
09000,fin_de_semana,33,193.0,201.3846153846154,169.0,241.4,13
09000,fin_de_semana,34,154.0,150.3846153846154,110.60000000000001,173.4,13
09000,fin_de_semana,35,131.0,131.15384615384616,112.0,144.8,13
09000,fin_de_semana,36,112.0,105.46153846153847,81.8,128.0,13
09000,fin_de_semana,37,90.0,87.15384615384616,68.60000000000001,96.8,13
09000,fin_de_semana,38,72.0,77.6923076923077,64.0,99.4,13
09000,fin_de_semana,39,76.0,77.61538461538461,60.6,95.6,13
09000,fin_de_semana,40,72.0,71.3076923076923,60.2,82.0,13
09000,fin_de_semana,41,76.0,72.46153846153847,53.6,85.6,13
09000,fin_de_semana,42,68.0,66.15384615384616,54.4,76.4,13
09000,fin_de_semana,43,69.0,71.76923076923077,59.6,84.8,13
09000,fin_de_semana,44,63.0,63.53846153846154,46.6,79.0,13
09000,fin_de_semana,45,68.0,71.84615384615384,57.0,91.80000000000001,13
09000,fin_de_semana,46,69.0,68.61538461538461,55.6,83.0,13
09000,fin_de_semana,47,66.0,71.53846153846153,53.6,89.0,13
09000,fin_de_semana,48,73.0,74.61538461538461,54.4,95.6,13
09000,fin_de_semana,49,76.0,79.23076923076923,59.2,106.80000000000001,13
09000,fin_de_semana,50,79.0,78.38461538461539,52.2,106.00000000000001,13
09000,fin_de_semana,51,74.0,75.92307692307692,54.6,99.60000000000001,13
09000,fin_de_semana,52,88.0,86.46153846153847,64.8,103.2,13
09000,fin_de_semana,53,84.0,79.6923076923077,55.0,94.6,13
09000,fin_de_semana,54,75.0,82.23076923076923,61.0,116.2,13
09000,fin_de_semana,55,94.0,94.92307692307692,81.8,107.8,13
09000,fin_de_semana,56,98.0,92.76923076923077,78.6,109.80000000000001,13
09000,fin_de_semana,57,114.0,113.76923076923077,87.0,139.0,13
09000,fin_de_semana,58,118.0,119.3076923076923,101.4,133.8,13
09000,fin_de_semana,59,135.0,137.30769230769232,117.2,151.8,13
09000,fin_de_semana,60,163.0,166.3846153846154,144.4,198.8,13
09000,fin_de_semana,61,174.0,179.69230769230768,149.6,224.6,13
09000,fin_de_semana,62,197.0,190.07692307692307,157.2,220.4,13
09000,fin_de_semana,63,235.0,222.30769230769232,169.2,255.8,13
09000,fin_de_semana,64,248.0,255.6153846153846,220.0,303.6,13
09000,fin_de_semana,65,287.0,286.9230769230769,237.2,337.0,13
09000,fin_de_semana,66,318.0,322.9230769230769,253.8,385.20000000000005,13
09000,fin_de_semana,67,320.0,313.6923076923077,273.6,350.2,13
09000,fin_de_semana,68,349.0,346.38461538461536,303.8,383.8,13
09000,fin_de_semana,69,339.0,336.3076923076923,291.2,390.6,13
09000,fin_de_semana,70,339.0,331.53846153846155,272.0,383.0,13
09000,fin_de_semana,71,343.0,347.6923076923077,301.2,392.6,13
09000,fin_de_semana,72,338.0,328.0769230769231,298.2,368.0,13
09000,fin_de_semana,73,335.0,335.15384615384613,284.6,402.6,13
09000,fin_de_semana,74,304.0,303.38461538461536,241.0,347.0,13
09000,fin_de_semana,75,278.0,278.2307692307692,250.8,312.40000000000003,13
09000,fin_de_semana,76,270.0,265.53846153846155,227.8,295.8,13
09000,fin_de_semana,77,250.0,263.53846153846155,215.4,309.2,13
09000,fin_de_semana,78,217.0,218.15384615384616,190.8,253.0,13
09000,fin_de_semana,79,181.0,197.30769230769232,165.6,233.4,13
09000,fin_de_semana,80,167.0,167.69230769230768,153.8,188.2,13
09000,fin_de_semana,81,155.0,158.53846153846155,137.0,181.0,13
09000,fin_de_semana,82,141.0,140.92307692307693,128.2,153.6,13
09000,fin_de_semana,83,124.0,125.53846153846153,103.6,148.6,13
09000,fin_de_semana,84,106.0,103.53846153846153,82.8,120.8,13
09000,fin_de_semana,85,99.0,94.6923076923077,75.6,104.0,13
09000,fin_de_semana,86,79.0,85.23076923076923,71.2,110.4,13
09000,fin_de_semana,87,81.0,86.84615384615384,74.8,106.6,13
09000,fin_de_semana,88,82.0,84.15384615384616,71.0,95.6,13
09000,fin_de_semana,89,79.0,79.15384615384616,62.6,97.0,13
09000,fin_de_semana,90,68.0,68.46153846153847,47.400000000000006,81.6,13
09000,fin_de_semana,91,72.0,73.61538461538461,58.2,90.8,13
09000,fin_de_semana,92,78.0,73.92307692307692,63.0,84.8,13
09000,fin_de_semana,93,66.0,68.15384615384616,58.6,78.6,13
09000,fin_de_semana,94,73.0,73.38461538461539,64.4,88.2,13
09000,fin_de_semana,95,70.0,70.61538461538461,59.4,81.2,13
09122,laboral,0,103.0,103.28571428571429,79.7,130.6,28
09122,laboral,1,100.0,101.42857142857143,86.2,120.0,28
09122,laboral,2,104.0,105.14285714285714,88.0,122.60000000000001,28
09122,laboral,3,100.5,102.64285714285714,87.8,118.0,28
09122,laboral,4,104.5,106.07142857142857,88.9,123.80000000000001,28
09122,laboral,5,98.5,99.17857142857143,82.4,116.2,28
09122,laboral,6,105.0,102.10714285714286,73.4,125.9,28
09122,laboral,7,103.0,103.10714285714286,89.1,122.2,28
09122,laboral,8,111.0,107.03571428571429,74.4,130.2,28
09122,laboral,9,114.5,112.71428571428571,89.4,138.3,28
09122,laboral,10,103.0,105.32142857142857,83.7,130.70000000000002,28
09122,laboral,11,107.0,107.90322580645162,85.0,135.0,31
09122,laboral,12,100.0,104.38709677419355,90.0,123.0,31
09122,laboral,13,110.0,108.41935483870968,87.0,129.0,31
09122,laboral,14,107.0,106.48387096774194,85.0,124.0,31
09122,laboral,15,108.0,107.74193548387096,87.0,126.0,31
09122,laboral,16,117.0,116.7741935483871,93.0,138.0,31
09122,laboral,17,116.0,116.2258064516129,92.0,152.0,31
09122,laboral,18,121.0,118.93548387096774,93.0,146.0,31
09122,laboral,19,126.0,131.8709677419355,115.0,159.0,31
09122,laboral,20,151.0,151.48387096774192,132.0,174.0,31
09122,laboral,21,178.0,179.5483870967742,146.0,213.0,31
09122,laboral,22,212.0,215.19354838709677,182.0,252.0,31
09122,laboral,23,268.0,263.0967741935484,229.0,306.0,31
09122,laboral,24,308.0,316.0967741935484,257.0,383.0,31
09122,laboral,25,379.0,363.5806451612903,293.0,425.0,31
09122,laboral,26,450.5,450.375,400.3,492.5,32
09122,laboral,27,502.0,508.8125,446.2,596.5,32
09122,laboral,28,545.0,548.34375,467.3,642.3000000000001,32
09122,laboral,29,607.0,612.96875,507.1,722.8,32
09122,laboral,30,672.0,660.15625,533.8,767.9,32
09122,laboral,31,691.0,698.78125,584.5,798.1,32
09122,laboral,32,706.5,692.5625,600.1,777.9,32
09122,laboral,33,699.0,691.03125,566.2,792.9,32
09122,laboral,34,630.5,628.0625,536.7,728.6,32
09122,laboral,35,585.0,584.78125,513.2,665.3000000000001,32
09122,laboral,36,538.5,545.1875,440.2,660.8000000000001,32
09122,laboral,37,470.0,484.93333333333334,419.3,566.9000000000001,30
09122,laboral,38,382.0,393.43333333333334,327.8,488.1,30
09122,laboral,39,359.5,357.53333333333336,295.5,412.2,30
09122,laboral,40,287.0,287.6,246.9,333.5,30
09122,laboral,41,237.0,241.03333333333333,200.5,283.5,30
09122,laboral,42,198.0,194.06666666666666,162.7,218.2,30
09122,laboral,43,177.5,179.03333333333333,141.8,212.70000000000002,30
09122,laboral,44,138.0,137.93333333333334,108.9,167.60000000000002,30
09122,laboral,45,131.5,131.5,109.6,150.5,30
09122,laboral,46,123.0,124.66666666666667,107.6,143.60000000000002,30
09122,laboral,47,109.0,110.9,87.0,136.1,30
09122,laboral,48,102.5,106.53333333333333,87.5,123.1,30
09122,laboral,49,102.5,105.63333333333334,78.4,125.10000000000002,30
09122,laboral,50,106.5,106.93333333333334,89.7,123.70000000000002,30
09122,laboral,51,103.5,102.96666666666667,85.2,121.4,30
09122,laboral,52,101.0,100.0,80.0,119.80000000000001,27
09122,laboral,53,109.0,109.5925925925926,81.6,137.20000000000005,27
09122,laboral,54,118.0,116.33333333333333,95.0,133.60000000000002,27
09122,laboral,55,119.0,117.81481481481481,97.2,137.20000000000002,27
09122,laboral,56,123.0,129.77777777777777,105.2,165.4,27
09122,laboral,57,156.0,154.1851851851852,128.2,182.4,27
09122,laboral,58,190.0,192.66666666666666,137.0,236.0,27
09122,laboral,59,221.0,220.11111111111111,191.4,249.00000000000003,27
09122,laboral,60,293.0,289.9259259259259,224.6,347.8,27
09122,laboral,61,369.0,372.3333333333333,331.6,416.8,27
09122,laboral,62,432.0,438.3703703703704,359.4,521.0,27
09122,laboral,63,544.0,559.8888888888889,466.6,652.4,27
09122,laboral,64,636.0,627.0370370370371,516.2,740.6,27
09122,laboral,65,699.0,711.1851851851852,609.8,803.4,27
09122,laboral,66,791.0,797.5185185185185,677.8,892.6,27
09122,laboral,67,880.0,886.074074074074,730.2,1022.8000000000001,27
09122,laboral,68,918.0,912.1851851851852,742.6,1052.4,27
09122,laboral,69,887.0,909.9629629629629,758.2,1089.8,27
09122,laboral,70,896.0,895.6296296296297,777.6,981.2,27
09122,laboral,71,840.0,839.0370370370371,706.8,976.8000000000001,27
09122,laboral,72,803.0,789.7037037037037,646.6,913.0,27
09122,laboral,73,635.0,660.1851851851852,554.4,815.8,27
09122,laboral,74,564.0,568.1111111111111,489.6,667.8000000000001,27
09122,laboral,75,458.0,473.1111111111111,405.6,555.4000000000001,27
09122,laboral,76,359.0,370.0740740740741,323.8,429.2,27
09122,laboral,77,306.0,303.3703703703704,255.2,341.8,27
09122,laboral,78,259.0,251.5185185185185,205.8,286.4,27
09122,laboral,79,196.0,194.4814814814815,160.2,236.8,27
09122,laboral,80,154.0,157.11111111111111,127.8,188.4,27
09122,laboral,81,138.0,140.44444444444446,111.4,176.20000000000002,27
09122,laboral,82,124.0,126.88888888888889,95.0,156.8,27
09122,laboral,83,108.0,110.74074074074075,84.4,138.0,27
09122,laboral,84,112.0,113.62962962962963,97.6,138.0,27
09122,laboral,85,105.0,108.62962962962963,92.0,128.60000000000002,27
09122,laboral,86,102.0,103.92592592592592,85.4,125.4,27
09122,laboral,87,106.0,108.03703703703704,91.0,126.0,27
09122,laboral,88,104.0,104.11111111111111,88.0,120.0,27
09122,laboral,89,105.0,109.5925925925926,87.0,139.40000000000003,27
09122,laboral,90,102.0,99.55555555555556,77.2,117.80000000000001,27
09122,laboral,91,100.0,99.92592592592592,80.6,117.4,27
09122,laboral,92,101.0,99.48148148148148,80.2,117.20000000000002,27
09122,laboral,93,105.0,104.81481481481481,88.8,125.40000000000002,27
09122,laboral,94,98.0,99.92592592592592,79.2,126.80000000000001,27
09122,laboral,95,98.0,101.22222222222223,84.0,120.2,27
09122,fin_de_semana,0,43.0,44.5,33.4,57.9,12
09122,fin_de_semana,1,50.0,49.333333333333336,38.4,61.5,12
09122,fin_de_semana,2,46.5,48.25,42.2,56.9,12
09122,fin_de_semana,3,47.0,44.916666666666664,31.3,54.6,12
09122,fin_de_semana,4,44.5,46.166666666666664,37.4,56.400000000000006,12
09122,fin_de_semana,5,46.0,48.75,42.1,57.5,12
09122,fin_de_semana,6,44.0,44.666666666666664,36.2,53.9,12
09122,fin_de_semana,7,44.5,47.75,37.3,58.6,12
09122,fin_de_semana,8,46.0,45.916666666666664,40.0,52.0,12
09122,fin_de_semana,9,44.0,44.083333333333336,39.1,53.5,12
09122,fin_de_semana,10,49.0,48.166666666666664,40.3,53.7,12
09122,fin_de_semana,11,47.0,47.416666666666664,38.3,55.0,12
09122,fin_de_semana,12,41.5,43.166666666666664,34.2,50.5,12
09122,fin_de_semana,13,48.0,50.0,39.1,60.8,12
09122,fin_de_semana,14,48.5,49.25,38.4,59.0,12
09122,fin_de_semana,15,50.5,48.416666666666664,35.2,60.7,12
09122,fin_de_semana,16,49.0,49.666666666666664,39.3,59.9,12
09122,fin_de_semana,17,51.5,49.75,38.2,61.6,12
09122,fin_de_semana,18,57.5,60.75,49.1,72.8,12
09122,fin_de_semana,19,59.0,62.5,47.2,74.7,12
09122,fin_de_semana,20,75.5,76.91666666666667,59.9,94.10000000000001,12
09122,fin_de_semana,21,90.5,90.83333333333333,75.0,108.5,12
09122,fin_de_semana,22,93.5,93.08333333333333,82.0,107.4,12
09122,fin_de_semana,23,112.5,115.41666666666667,97.1,132.3,12
09122,fin_de_semana,24,148.0,151.16666666666666,126.7,181.6,12
09122,fin_de_semana,25,173.5,175.25,152.5,197.6,12
09122,fin_de_semana,26,209.0,214.92307692307693,176.0,270.40000000000003,13
09122,fin_de_semana,27,238.0,236.15384615384616,197.6,277.8,13
09122,fin_de_semana,28,258.0,266.6923076923077,249.0,310.40000000000003,13
09122,fin_de_semana,29,301.0,297.9230769230769,242.0,362.8,13
09122,fin_de_semana,30,327.0,332.0769230769231,281.4,378.0,13
09122,fin_de_semana,31,324.0,330.9230769230769,285.6,369.8,13
09122,fin_de_semana,32,309.0,325.9230769230769,293.6,376.8,13
09122,fin_de_semana,33,331.0,340.84615384615387,278.2,412.6,13
09122,fin_de_semana,34,306.0,307.7692307692308,266.0,343.6,13
09122,fin_de_semana,35,283.0,279.38461538461536,237.0,311.2,13
09122,fin_de_semana,36,253.0,261.2307692307692,236.0,305.00000000000006,13
09122,fin_de_semana,37,226.0,232.15384615384616,192.0,258.2,13
09122,fin_de_semana,38,199.0,195.30769230769232,176.2,215.6,13
09122,fin_de_semana,39,186.0,180.0,153.2,204.0,13
09122,fin_de_semana,40,143.0,139.46153846153845,104.4,167.60000000000002,13
09122,fin_de_semana,41,120.0,118.15384615384616,93.2,137.0,13
09122,fin_de_semana,42,94.0,96.0,80.0,112.4,13
09122,fin_de_semana,43,88.0,84.15384615384616,71.6,98.80000000000001,13
09122,fin_de_semana,44,69.0,67.61538461538461,56.0,79.0,13
09122,fin_de_semana,45,63.0,63.84615384615385,51.0,80.6,13
09122,fin_de_semana,46,66.0,63.46153846153846,47.2,74.0,13
09122,fin_de_semana,47,48.0,51.53846153846154,42.4,65.0,13
09122,fin_de_semana,48,51.0,52.23076923076923,41.2,67.2,13
09122,fin_de_semana,49,55.0,54.07692307692308,38.2,64.8,13
09122,fin_de_semana,50,50.0,49.0,40.6,55.8,13
09122,fin_de_semana,51,50.0,50.46153846153846,38.6,66.6,13
09122,fin_de_semana,52,56.0,54.92307692307692,47.0,66.2,13
09122,fin_de_semana,53,53.0,52.23076923076923,42.0,64.6,13
09122,fin_de_semana,54,53.0,54.07692307692308,40.2,68.0,13
09122,fin_de_semana,55,64.0,64.23076923076923,46.4,81.0,13
09122,fin_de_semana,56,62.0,63.38461538461539,49.8,78.80000000000001,13
09122,fin_de_semana,57,74.0,74.07692307692308,55.0,94.0,13
09122,fin_de_semana,58,88.0,90.38461538461539,76.6,107.0,13
09122,fin_de_semana,59,105.0,114.61538461538461,98.2,136.20000000000002,13
09122,fin_de_semana,60,149.0,149.3846153846154,129.2,166.8,13
09122,fin_de_semana,61,164.0,170.3846153846154,138.0,212.8,13
09122,fin_de_semana,62,205.0,203.92307692307693,179.6,243.00000000000003,13
09122,fin_de_semana,63,275.0,278.61538461538464,226.4,353.40000000000003,13
09122,fin_de_semana,64,303.0,300.6923076923077,233.2,347.0,13
09122,fin_de_semana,65,359.0,366.0769230769231,309.8,402.2,13
09122,fin_de_semana,66,412.0,417.15384615384613,345.2,487.20000000000005,13
09122,fin_de_semana,67,431.0,428.2307692307692,386.6,466.4,13
09122,fin_de_semana,68,435.0,438.0769230769231,382.4,494.6,13
09122,fin_de_semana,69,467.0,459.0769230769231,403.4,520.4,13
09122,fin_de_semana,70,407.0,420.53846153846155,349.40000000000003,496.8,13
09122,fin_de_semana,71,386.0,380.84615384615387,327.2,429.0,13
09122,fin_de_semana,72,344.0,360.0769230769231,323.2,417.8,13
09122,fin_de_semana,73,290.0,303.7692307692308,269.0,355.6,13
09122,fin_de_semana,74,254.0,263.6923076923077,204.8,340.40000000000003,13
09122,fin_de_semana,75,232.0,229.0,185.8,275.40000000000003,13
09122,fin_de_semana,76,161.0,168.84615384615384,147.2,204.6,13
09122,fin_de_semana,77,145.0,144.53846153846155,125.2,165.4,13
09122,fin_de_semana,78,116.0,116.07692307692308,90.2,143.0,13
09122,fin_de_semana,79,88.0,93.15384615384616,82.2,106.0,13
09122,fin_de_semana,80,78.0,75.61538461538461,63.8,92.2,13
09122,fin_de_semana,81,67.0,66.23076923076923,51.6,77.2,13
09122,fin_de_semana,82,59.0,61.0,52.0,79.80000000000001,13
09122,fin_de_semana,83,55.0,56.07692307692308,45.8,67.8,13
09122,fin_de_semana,84,52.0,49.84615384615385,39.4,61.6,13
09122,fin_de_semana,85,47.0,47.76923076923077,36.4,61.2,13
09122,fin_de_semana,86,50.0,49.38461538461539,36.2,59.400000000000006,13
09122,fin_de_semana,87,49.0,48.30769230769231,34.800000000000004,58.6,13
09122,fin_de_semana,88,49.0,49.23076923076923,43.6,56.2,13
09122,fin_de_semana,89,51.0,47.46153846153846,37.2,57.8,13
09122,fin_de_semana,90,48.0,48.46153846153846,41.0,62.400000000000006,13
09122,fin_de_semana,91,48.0,47.46153846153846,35.6,62.400000000000006,13
09122,fin_de_semana,92,49.0,49.61538461538461,36.4,63.8,13
09122,fin_de_semana,93,48.0,44.61538461538461,32.6,53.6,13
09122,fin_de_semana,94,42.0,46.0,38.4,56.0,13
09122,fin_de_semana,95,49.0,49.69230769230769,36.0,61.2,13
10009,laboral,0,252.5,243.64285714285714,193.7,279.0,28
10009,laboral,1,228.0,229.42857142857142,193.6,279.90000000000003,28
10009,laboral,2,171.0,179.92857142857142,139.5,228.3,28
10009,laboral,3,157.5,162.46428571428572,128.5,197.2,28
10009,laboral,4,150.5,151.5,123.4,178.5,28
10009,laboral,5,130.0,135.10714285714286,106.0,166.9,28
10009,laboral,6,122.0,125.32142857142857,106.5,151.5,28
10009,laboral,7,112.5,110.35714285714286,93.0,124.0,28
10009,laboral,8,106.0,108.64285714285714,85.7,132.8,28
10009,laboral,9,105.5,104.17857142857143,83.1,121.3,28
10009,laboral,10,93.0,95.0,77.7,113.9,28
10009,laboral,11,96.0,94.90322580645162,81.0,111.0,31
10009,laboral,12,92.0,92.09677419354838,73.0,113.0,31
10009,laboral,13,93.0,89.09677419354838,73.0,106.0,31
10009,laboral,14,87.0,87.19354838709677,68.0,104.0,31
10009,laboral,15,88.0,88.96774193548387,71.0,104.0,31
10009,laboral,16,88.0,88.87096774193549,71.0,113.0,31
10009,laboral,17,86.0,90.93548387096774,78.0,106.0,31
10009,laboral,18,88.0,86.70967741935483,67.0,104.0,31
10009,laboral,19,82.0,83.35483870967742,72.0,101.0,31
10009,laboral,20,88.0,85.96774193548387,68.0,103.0,31
10009,laboral,21,89.0,89.70967741935483,69.0,111.0,31
10009,laboral,22,86.0,84.3225806451613,62.0,101.0,31
10009,laboral,23,82.0,85.16129032258064,67.0,105.0,31
10009,laboral,24,87.0,86.70967741935483,64.0,106.0,31
10009,laboral,25,91.0,90.93548387096774,72.0,119.0,31
10009,laboral,26,94.5,93.21875,70.7,112.20000000000002,32
10009,laboral,27,97.0,94.96875,76.4,114.7,32
10009,laboral,28,95.5,95.5625,73.3,115.0,32
10009,laboral,29,94.5,95.1875,75.1,116.30000000000001,32
10009,laboral,30,99.5,100.21875,76.1,123.7,32
10009,laboral,31,99.5,103.09375,78.0,126.80000000000001,32
10009,laboral,32,103.5,102.125,86.2,118.9,32
10009,laboral,33,108.5,107.78125,85.3,129.4,32
10009,laboral,34,116.0,117.625,95.1,143.9,32
10009,laboral,35,123.0,124.125,94.7,152.3,32
10009,laboral,36,136.5,138.28125,112.8,161.5,32
10009,laboral,37,137.0,136.83333333333334,109.10000000000001,158.4,30
10009,laboral,38,154.5,151.4,120.8,179.4,30
10009,laboral,39,177.0,175.96666666666667,146.9,204.2,30
10009,laboral,40,182.0,182.33333333333334,145.5,215.5,30
10009,laboral,41,203.5,205.26666666666668,171.9,253.70000000000002,30
10009,laboral,42,215.5,216.8,174.3,270.0,30
10009,laboral,43,234.5,233.6,190.9,275.6,30
10009,laboral,44,242.0,240.8,201.6,274.1,30
10009,laboral,45,278.0,280.6666666666667,223.6,334.8,30
10009,laboral,46,300.0,299.4,249.70000000000002,346.90000000000003,30
10009,laboral,47,286.5,291.23333333333335,239.7,352.40000000000003,30
10009,laboral,48,316.0,317.26666666666665,265.6,364.90000000000003,30
10009,laboral,49,307.0,313.8333333333333,254.8,368.1,30
10009,laboral,50,325.0,330.3333333333333,272.9,393.70000000000005,30
10009,laboral,51,327.0,322.56666666666666,262.7,378.6,30
10009,laboral,52,331.0,343.48148148148147,275.6,429.20000000000005,27
10009,laboral,53,328.0,333.8888888888889,272.0,403.6,27
10009,laboral,54,334.0,339.48148148148147,285.2,419.4000000000001,27
10009,laboral,55,309.0,312.22222222222223,251.4,366.00000000000006,27
10009,laboral,56,310.0,317.7037037037037,267.6,368.40000000000003,27
10009,laboral,57,299.0,305.22222222222223,245.0,359.20000000000005,27
10009,laboral,58,289.0,287.55555555555554,238.6,339.6,27
10009,laboral,59,280.0,276.962962962963,244.4,307.6,27
10009,laboral,60,273.0,270.48148148148147,216.4,320.40000000000003,27
10009,laboral,61,234.0,241.2962962962963,198.6,310.4,27
10009,laboral,62,259.0,260.81481481481484,199.8,312.6,27
10009,laboral,63,242.0,250.33333333333334,203.2,305.40000000000003,27
10009,laboral,64,271.0,268.85185185185185,221.8,310.40000000000003,27
10009,laboral,65,286.0,273.44444444444446,218.0,308.20000000000005,27
10009,laboral,66,284.0,287.2962962962963,231.6,333.2,27
10009,laboral,67,310.0,300.25925925925924,236.2,352.40000000000003,27
10009,laboral,68,324.0,333.1111111111111,276.4,410.6,27
10009,laboral,69,375.0,383.6666666666667,325.2,454.80000000000007,27
10009,laboral,70,417.0,429.55555555555554,362.0,500.6000000000001,27
10009,laboral,71,449.0,455.0,364.8,544.0000000000001,27
10009,laboral,72,519.0,520.8518518518518,440.2,602.2,27
10009,laboral,73,544.0,560.1851851851852,437.4,684.2,27
10009,laboral,74,641.0,633.3703703703703,511.4,728.2,27
10009,laboral,75,669.0,661.3703703703703,569.0,755.4000000000001,27
10009,laboral,76,702.0,692.8518518518518,553.2,834.6,27
10009,laboral,77,743.0,738.5925925925926,610.0,863.0000000000001,27
10009,laboral,78,751.0,750.1851851851852,622.2,887.4,27
10009,laboral,79,795.0,820.6666666666666,717.0,997.8000000000001,27
10009,laboral,80,776.0,783.7037037037037,638.0,935.0000000000001,27
10009,laboral,81,805.0,823.074074074074,645.4,1046.0,27
10009,laboral,82,800.0,818.6666666666666,660.8,1024.2,27
10009,laboral,83,824.0,831.8888888888889,681.4,1016.6,27
10009,laboral,84,754.0,749.6296296296297,623.4,859.8,27
10009,laboral,85,758.0,764.1481481481482,644.8,880.4,27
10009,laboral,86,704.0,704.4814814814815,585.6,811.2,27
10009,laboral,87,662.0,666.9629629629629,569.8,780.6,27
10009,laboral,88,624.0,629.1481481481482,501.6,735.0,27
10009,laboral,89,595.0,575.8518518518518,499.2,650.4000000000001,27
10009,laboral,90,512.0,515.5555555555555,415.4,603.8000000000001,27
10009,laboral,91,448.0,449.85185185185185,354.6,545.6,27
10009,laboral,92,389.0,397.7037037037037,312.6,500.20000000000005,27
10009,laboral,93,373.0,366.8888888888889,293.2,452.20000000000005,27
10009,laboral,94,316.0,316.55555555555554,253.4,379.4,27
10009,laboral,95,263.0,264.0740740740741,224.6,302.8,27
10009,fin_de_semana,0,327.0,321.75,274.4,368.4,12
10009,fin_de_semana,1,268.0,268.8333333333333,221.2,316.4,12
10009,fin_de_semana,2,233.5,267.25,219.1,336.8,12
10009,fin_de_semana,3,203.0,203.75,182.3,231.7,12
10009,fin_de_semana,4,166.5,172.91666666666666,132.5,233.10000000000002,12
10009,fin_de_semana,5,183.5,182.16666666666666,146.1,216.6,12
10009,fin_de_semana,6,149.0,156.83333333333334,135.5,180.4,12
10009,fin_de_semana,7,150.5,147.58333333333334,127.1,165.5,12
10009,fin_de_semana,8,138.0,140.58333333333334,117.4,174.20000000000002,12
10009,fin_de_semana,9,125.5,127.91666666666667,96.3,165.0,12
10009,fin_de_semana,10,127.0,131.83333333333334,114.8,150.8,12
10009,fin_de_semana,11,123.0,119.16666666666667,99.3,136.6,12
10009,fin_de_semana,12,106.0,108.75,91.6,130.3,12
10009,fin_de_semana,13,120.5,117.5,91.9,136.8,12
10009,fin_de_semana,14,110.5,109.33333333333333,82.8,134.8,12
10009,fin_de_semana,15,108.5,109.33333333333333,97.6,124.7,12
10009,fin_de_semana,16,118.0,116.41666666666667,98.2,130.9,12
10009,fin_de_semana,17,113.5,109.83333333333333,81.8,129.4,12
10009,fin_de_semana,18,126.0,121.0,92.8,144.2,12
10009,fin_de_semana,19,117.0,114.16666666666667,87.8,133.7,12
10009,fin_de_semana,20,106.0,110.83333333333333,92.2,133.3,12
10009,fin_de_semana,21,108.0,109.75,101.0,124.4,12
10009,fin_de_semana,22,115.0,121.91666666666667,92.8,145.6,12
10009,fin_de_semana,23,113.5,114.08333333333333,98.3,135.8,12
10009,fin_de_semana,24,112.0,108.25,93.1,116.9,12
10009,fin_de_semana,25,110.5,115.16666666666667,82.9,153.9,12
10009,fin_de_semana,26,120.0,120.53846153846153,106.2,142.0,13
10009,fin_de_semana,27,106.0,110.76923076923077,85.6,137.20000000000002,13
10009,fin_de_semana,28,120.0,116.0,93.80000000000001,133.4,13
10009,fin_de_semana,29,119.0,120.38461538461539,93.0,142.8,13
10009,fin_de_semana,30,129.0,129.3846153846154,104.0,149.0,13
10009,fin_de_semana,31,121.0,130.46153846153845,114.4,150.6,13
10009,fin_de_semana,32,123.0,125.53846153846153,102.8,162.0,13
10009,fin_de_semana,33,134.0,143.15384615384616,129.4,178.20000000000002,13
10009,fin_de_semana,34,151.0,155.23076923076923,133.8,186.6,13
10009,fin_de_semana,35,164.0,157.07692307692307,124.0,179.2,13
10009,fin_de_semana,36,161.0,166.76923076923077,144.4,200.4,13
10009,fin_de_semana,37,183.0,181.23076923076923,157.4,209.60000000000002,13
10009,fin_de_semana,38,204.0,192.69230769230768,159.6,230.8,13
10009,fin_de_semana,39,210.0,209.53846153846155,173.0,250.20000000000002,13
10009,fin_de_semana,40,240.0,240.46153846153845,193.4,286.6,13
10009,fin_de_semana,41,263.0,256.2307692307692,229.6,277.6,13
10009,fin_de_semana,42,308.0,291.84615384615387,229.0,331.4,13
10009,fin_de_semana,43,322.0,309.15384615384613,258.0,355.0,13
10009,fin_de_semana,44,329.0,326.53846153846155,272.4,384.6,13
10009,fin_de_semana,45,345.0,350.38461538461536,311.8,389.40000000000003,13
10009,fin_de_semana,46,360.0,358.15384615384613,307.4,410.2,13
10009,fin_de_semana,47,380.0,385.2307692307692,323.8,443.4,13
10009,fin_de_semana,48,401.0,397.0,314.8,478.6,13
10009,fin_de_semana,49,406.0,411.0769230769231,326.2,469.2,13
10009,fin_de_semana,50,413.0,423.3076923076923,352.4,497.40000000000003,13
10009,fin_de_semana,51,427.0,419.53846153846155,351.6,474.40000000000003,13
10009,fin_de_semana,52,444.0,443.2307692307692,382.4,494.8,13
10009,fin_de_semana,53,426.0,438.84615384615387,384.4,506.6,13
10009,fin_de_semana,54,401.0,414.46153846153845,353.6,498.00000000000006,13
10009,fin_de_semana,55,418.0,441.15384615384613,374.0,524.4,13
10009,fin_de_semana,56,372.0,371.61538461538464,293.2,446.40000000000003,13
10009,fin_de_semana,57,383.0,385.61538461538464,305.6,471.0,13
10009,fin_de_semana,58,365.0,402.15384615384613,333.4,505.20000000000005,13
10009,fin_de_semana,59,372.0,356.9230769230769,295.8,392.0,13
10009,fin_de_semana,60,328.0,330.46153846153845,290.2,392.0,13
10009,fin_de_semana,61,334.0,352.84615384615387,306.0,459.00000000000006,13
10009,fin_de_semana,62,313.0,318.38461538461536,268.2,382.6,13
10009,fin_de_semana,63,319.0,315.2307692307692,240.2,375.40000000000003,13
10009,fin_de_semana,64,361.0,358.3076923076923,300.0,416.2,13
10009,fin_de_semana,65,320.0,329.2307692307692,248.6,406.2,13
10009,fin_de_semana,66,377.0,386.46153846153845,343.6,429.8,13
10009,fin_de_semana,67,381.0,372.0,272.0,438.40000000000003,13
10009,fin_de_semana,68,392.0,409.2307692307692,346.0,459.6,13
10009,fin_de_semana,69,479.0,490.0,412.8,586.6,13
10009,fin_de_semana,70,522.0,556.4615384615385,485.8,654.2,13
10009,fin_de_semana,71,646.0,629.2307692307693,533.6,730.6,13
10009,fin_de_semana,72,724.0,715.1538461538462,666.0,805.2,13
10009,fin_de_semana,73,682.0,699.2307692307693,569.2,839.6000000000001,13
10009,fin_de_semana,74,862.0,859.3076923076923,696.6,1047.2,13
10009,fin_de_semana,75,870.0,885.0,739.6,989.2,13
10009,fin_de_semana,76,988.0,1015.6923076923077,860.8,1147.2,13
10009,fin_de_semana,77,1015.0,1017.6153846153846,856.2,1211.2,13
10009,fin_de_semana,78,1038.0,1053.5384615384614,899.2,1213.0,13
10009,fin_de_semana,79,1069.0,1029.7692307692307,877.0,1239.6000000000001,13
10009,fin_de_semana,80,1116.0,1091.3846153846155,934.2,1240.8,13
10009,fin_de_semana,81,1029.0,1032.6923076923076,870.0,1240.0,13
10009,fin_de_semana,82,1016.0,1025.076923076923,896.6,1203.0,13
10009,fin_de_semana,83,1106.0,1112.0,884.8,1369.6000000000001,13
10009,fin_de_semana,84,1065.0,1116.6153846153845,952.8,1290.4,13
10009,fin_de_semana,85,945.0,984.9230769230769,839.6,1217.8000000000002,13
10009,fin_de_semana,86,1018.0,1045.1538461538462,876.0,1238.4,13
10009,fin_de_semana,87,863.0,855.3076923076923,697.8,991.8000000000001,13
10009,fin_de_semana,88,831.0,815.6923076923077,652.2,933.6,13
10009,fin_de_semana,89,756.0,771.6153846153846,691.6,867.8000000000001,13
10009,fin_de_semana,90,650.0,661.3846153846154,592.8,770.6,13
10009,fin_de_semana,91,585.0,602.6153846153846,526.2,714.4,13
10009,fin_de_semana,92,529.0,556.0769230769231,465.8,636.6,13
10009,fin_de_semana,93,495.0,493.84615384615387,419.0,580.2,13
10009,fin_de_semana,94,412.0,425.3076923076923,364.4,503.6,13
10009,fin_de_semana,95,346.0,356.6923076923077,301.8,435.0,13
